-- phpMyAdmin SQL Dump
-- version 4.2.7
-- http://www.phpmyadmin.net
--
-- Host: localhost:3306
-- Generation Time: Jun 01, 2015 at 04:30 PM
-- Server version: 5.5.41-log
-- PHP Version: 5.6.3

SET SQL_MODE = "NO_AUTO_VALUE_ON_ZERO";
SET time_zone = "+00:00";


/*!40101 SET @OLD_CHARACTER_SET_CLIENT=@@CHARACTER_SET_CLIENT */;
/*!40101 SET @OLD_CHARACTER_SET_RESULTS=@@CHARACTER_SET_RESULTS */;
/*!40101 SET @OLD_COLLATION_CONNECTION=@@COLLATION_CONNECTION */;
/*!40101 SET NAMES utf8 */;

--
-- Database: `hsladderstats`
--

-- --------------------------------------------------------

--
-- Table structure for table `cartas`
--

CREATE TABLE IF NOT EXISTS `cartas` (
`id` int(11) NOT NULL,
  `partidas_id` int(11) NOT NULL DEFAULT '0',
  `carta` varchar(255) COLLATE utf8_spanish_ci NOT NULL DEFAULT '0',
  `carta_name` varchar(255) COLLATE utf8_spanish_ci NOT NULL,
  `player` varchar(255) COLLATE utf8_spanish_ci NOT NULL DEFAULT '0'
) ENGINE=InnoDB  DEFAULT CHARSET=utf8 COLLATE=utf8_spanish_ci AUTO_INCREMENT=858 ;

--
-- Dumping data for table `cartas`
--

INSERT INTO `cartas` (`id`, `partidas_id`, `carta`, `carta_name`, `player`) VALUES
(1, 1, 'CS2_017', 'Shapeshift', 'opponent'),
(2, 1, 'GVG_058', 'Shielded Minibot', 'me'),
(3, 1, 'FP1_005', 'Shade of Naxxramas', 'opponent'),
(4, 1, 'GAME_005', 'The Coin', 'me'),
(5, 1, 'GVG_096', 'Piloted Shredder', 'me'),
(6, 1, 'GVG_096', 'Piloted Shredder', 'opponent'),
(7, 1, 'CS2_097', 'Truesilver Champion', 'me'),
(8, 1, 'CS2_012', 'Swipe', 'opponent'),
(9, 1, 'FP1_012', 'Sludge Belcher', 'me'),
(10, 1, 'GVG_105', 'Piloted Sky Golem', 'opponent'),
(11, 1, 'EX1_382', 'Aldor Peacekeeper', 'me'),
(12, 1, 'GVG_061', 'Muster for Battle', 'me'),
(13, 1, 'CS2_012', 'Swipe', 'opponent'),
(14, 1, 'CS2_017', 'Shapeshift', 'opponent'),
(15, 1, 'EX1_169', 'Innervate', 'opponent'),
(16, 1, 'FP1_005', 'Shade of Naxxramas', 'opponent'),
(17, 1, 'GVG_096', 'Piloted Shredder', 'me'),
(18, 1, 'GVG_061', 'Muster for Battle', 'me'),
(19, 1, 'GVG_110', 'Dr. Boom', 'opponent'),
(20, 1, 'CS2_097', 'Truesilver Champion', 'me'),
(21, 1, 'CS2_093', 'Consecration', 'me'),
(22, 2, 'FP1_001', 'Zombie Chow', 'me'),
(23, 2, 'CS2_101', 'Reinforce', 'me'),
(24, 2, 'CS2_049', 'Totemic Call', 'opponent'),
(25, 2, 'GVG_061', 'Muster for Battle', 'me'),
(26, 2, 'EX1_259', 'Lightning Storm', 'opponent'),
(27, 2, 'GVG_096', 'Piloted Shredder', 'me'),
(28, 2, 'CS2_049', 'Totemic Call', 'opponent'),
(29, 2, 'GVG_061', 'Muster for Battle', 'me'),
(30, 2, 'CS2_101', 'Reinforce', 'me'),
(31, 2, 'EX1_246', 'Hex', 'opponent'),
(32, 2, 'GAME_005', 'The Coin', 'opponent'),
(33, 2, 'EX1_259', 'Lightning Storm', 'opponent'),
(34, 2, 'CS2_097', 'Truesilver Champion', 'me'),
(35, 2, 'CS2_101', 'Reinforce', 'me'),
(36, 2, 'GVG_078', 'Mechanical Yeti', 'opponent'),
(37, 2, 'FP1_012', 'Sludge Belcher', 'me'),
(38, 2, 'CS2_101', 'Reinforce', 'me'),
(39, 2, 'CS2_042', 'Fire Elemental', 'opponent'),
(40, 2, 'FP1_001', 'Zombie Chow', 'opponent'),
(41, 2, 'PART_005', 'Emergency Coolant', 'me'),
(42, 2, 'CS2_101', 'Reinforce', 'me'),
(43, 2, 'GVG_060', 'Quartermaster', 'me'),
(44, 2, 'EX1_565', 'Flametongue Totem', 'opponent'),
(45, 2, 'PART_007', 'Whirling Blades', 'opponent'),
(46, 2, 'CS2_049', 'Totemic Call', 'opponent'),
(47, 2, 'GVG_036', 'Powermace', 'opponent'),
(48, 2, 'EX1_005', 'Big Game Hunter', 'me'),
(49, 2, 'FP1_030', 'Loatheb', 'me'),
(50, 2, 'NEW1_010', 'Al''Akir the Windlord', 'opponent'),
(51, 2, 'EX1_002', 'The Black Knight', 'me'),
(52, 2, 'CS2_101', 'Reinforce', 'me'),
(53, 2, 'CS2_049', 'Totemic Call', 'opponent'),
(54, 3, 'FP1_011', 'Webspinner', 'opponent'),
(55, 3, 'CS2_101', 'Reinforce', 'me'),
(56, 3, 'NEW1_019', 'Knife Juggler', 'opponent'),
(57, 3, 'CS2_101', 'Reinforce', 'me'),
(58, 3, 'FP1_011', 'Webspinner', 'opponent'),
(59, 3, 'FP1_002', 'Haunted Creeper', 'opponent'),
(60, 3, 'CS2_097', 'Truesilver Champion', 'me'),
(61, 3, 'GVG_096', 'Piloted Shredder', 'opponent'),
(62, 3, 'FP1_012', 'Sludge Belcher', 'me'),
(63, 3, 'CS2_203', 'Ironbeak Owl', 'opponent'),
(64, 3, 'EX1_536', 'Eaglehorn Bow', 'opponent'),
(65, 3, 'EX1_558', 'Harrison Jones', 'me'),
(66, 3, 'CS2_188', 'Abusive Sergeant', 'opponent'),
(67, 3, 'FP1_004', 'Mad Scientist', 'opponent'),
(68, 3, 'DS1h_292', 'Steady Shot', 'opponent'),
(69, 3, 'CS2_093', 'Consecration', 'me'),
(70, 3, 'NEW1_019', 'Knife Juggler', 'me'),
(71, 3, 'CS2_119', 'Oasis Snapjaw', 'opponent'),
(72, 3, 'DS1h_292', 'Steady Shot', 'opponent'),
(73, 3, 'GVG_110', 'Dr. Boom', 'me'),
(74, 3, 'EX1_539', 'Kill Command', 'opponent'),
(75, 3, 'EX1_539', 'Kill Command', 'opponent'),
(76, 3, 'DS1h_292', 'Steady Shot', 'opponent'),
(77, 4, 'FP1_001', 'Zombie Chow', 'me'),
(78, 4, 'NEW1_019', 'Knife Juggler', 'me'),
(79, 4, 'GVG_058', 'Shielded Minibot', 'opponent'),
(80, 4, 'GVG_058', 'Shielded Minibot', 'me'),
(81, 4, 'GAME_005', 'The Coin', 'opponent'),
(82, 4, 'CS2_097', 'Truesilver Champion', 'opponent'),
(83, 4, 'CS2_101', 'Reinforce', 'me'),
(84, 4, 'NEW1_019', 'Knife Juggler', 'opponent'),
(85, 4, 'NEW1_019', 'Knife Juggler', 'opponent'),
(86, 4, 'FP1_030', 'Loatheb', 'me'),
(87, 4, 'EX1_382', 'Aldor Peacekeeper', 'opponent'),
(88, 4, 'CS2_101', 'Reinforce', 'opponent'),
(89, 4, 'CS2_101', 'Reinforce', 'me'),
(90, 4, 'CS2_101', 'Reinforce', 'opponent'),
(91, 4, 'EX1_093', 'Defender of Argus', 'opponent'),
(92, 4, 'GVG_110', 'Dr. Boom', 'me'),
(93, 4, 'EX1_016', 'Sylvanas Windrunner', 'opponent'),
(94, 4, 'FP1_012', 'Sludge Belcher', 'me'),
(95, 4, 'EX1_382', 'Aldor Peacekeeper', 'me'),
(96, 4, 'EX1_619', 'Equality', 'opponent'),
(97, 4, 'GVG_059', 'Coghammer', 'opponent'),
(98, 4, 'CS2_101', 'Reinforce', 'opponent'),
(99, 4, 'FP1_012', 'Sludge Belcher', 'me'),
(100, 4, 'CS2_101', 'Reinforce', 'me'),
(101, 4, 'CS2_101', 'Reinforce', 'opponent'),
(102, 4, 'GVG_060', 'Quartermaster', 'opponent'),
(103, 4, 'GVG_058', 'Shielded Minibot', 'opponent'),
(104, 4, 'EX1_558', 'Harrison Jones', 'me'),
(105, 4, 'GVG_061', 'Muster for Battle', 'me'),
(106, 4, 'CS2_101', 'Reinforce', 'me'),
(107, 4, 'GVG_060', 'Quartermaster', 'opponent'),
(108, 4, 'CS2_097', 'Truesilver Champion', 'opponent'),
(109, 4, 'EX1_354', 'Lay on Hands', 'me'),
(110, 4, 'EX1_619', 'Equality', 'me'),
(111, 4, 'FP1_030', 'Loatheb', 'opponent'),
(112, 4, 'GVG_096', 'Piloted Shredder', 'opponent'),
(113, 4, 'NEW1_019', 'Knife Juggler', 'me'),
(114, 4, 'EX1_382', 'Aldor Peacekeeper', 'me'),
(115, 4, 'CS2_097', 'Truesilver Champion', 'me'),
(116, 4, 'CS2_101', 'Reinforce', 'opponent'),
(117, 4, 'GVG_061', 'Muster for Battle', 'me'),
(118, 4, 'CS2_101', 'Reinforce', 'me'),
(119, 4, 'GVG_060', 'Quartermaster', 'me'),
(120, 4, 'CS2_093', 'Consecration', 'opponent'),
(121, 4, 'CS2_101', 'Reinforce', 'opponent'),
(122, 4, 'GVG_069', 'Antique Healbot', 'me'),
(123, 4, 'GVG_096', 'Piloted Shredder', 'me'),
(124, 4, 'EX1_383', 'Tirion Fordring', 'opponent'),
(125, 4, 'CS2_101', 'Reinforce', 'opponent'),
(126, 4, 'GVG_058', 'Shielded Minibot', 'me'),
(127, 4, 'FP1_013', 'Kel''Thuzad', 'me'),
(128, 5, 'NEW1_019', 'Knife Juggler', 'me'),
(129, 5, 'FP1_004', 'Mad Scientist', 'opponent'),
(130, 5, 'EX1_382', 'Aldor Peacekeeper', 'me'),
(131, 5, 'NEW1_019', 'Knife Juggler', 'opponent'),
(132, 5, 'GAME_005', 'The Coin', 'opponent'),
(133, 5, 'FP1_002', 'Haunted Creeper', 'opponent'),
(134, 5, 'GVG_058', 'Shielded Minibot', 'me'),
(135, 5, 'CS2_101', 'Reinforce', 'me'),
(136, 5, 'EX1_093', 'Defender of Argus', 'opponent'),
(137, 5, 'FP1_012', 'Sludge Belcher', 'me'),
(138, 5, 'FP1_030', 'Loatheb', 'opponent'),
(139, 5, 'EX1_016', 'Sylvanas Windrunner', 'me'),
(140, 5, 'NEW1_019', 'Knife Juggler', 'opponent'),
(141, 5, 'CS2_203', 'Ironbeak Owl', 'opponent'),
(142, 5, 'FP1_011', 'Webspinner', 'opponent'),
(143, 5, 'FP1_030', 'Loatheb', 'me'),
(144, 5, 'CS2_101', 'Reinforce', 'me'),
(145, 5, 'EX1_595', 'Cult Master', 'opponent'),
(146, 5, 'DS1h_292', 'Steady Shot', 'opponent'),
(147, 5, 'CS2_093', 'Consecration', 'me'),
(148, 5, 'CS2_101', 'Reinforce', 'me'),
(149, 5, 'EX1_534', 'Savannah Highmane', 'opponent'),
(150, 5, 'DS1h_292', 'Steady Shot', 'opponent'),
(151, 5, 'EX1_382', 'Aldor Peacekeeper', 'me'),
(152, 5, 'GVG_069', 'Antique Healbot', 'me'),
(153, 5, 'DS1_070', 'Houndmaster', 'opponent'),
(154, 5, 'GVG_096', 'Piloted Shredder', 'opponent'),
(155, 5, 'FP1_011', 'Webspinner', 'opponent'),
(156, 5, 'EX1_002', 'The Black Knight', 'me'),
(157, 5, 'NEW1_019', 'Knife Juggler', 'me'),
(158, 5, 'CS2_101', 'Reinforce', 'me'),
(159, 5, 'EX1_538', 'Unleash the Hounds', 'opponent'),
(160, 5, 'EX1_536', 'Eaglehorn Bow', 'opponent'),
(161, 5, 'EX1_539', 'Kill Command', 'opponent'),
(162, 6, 'FP1_001', 'Zombie Chow', 'me'),
(163, 6, 'GVG_006', 'Mechwarper', 'opponent'),
(164, 6, 'GAME_005', 'The Coin', 'me'),
(165, 6, 'GVG_061', 'Muster for Battle', 'me'),
(166, 6, 'GVG_085', 'Annoy-o-Tron', 'opponent'),
(167, 6, 'GVG_058', 'Shielded Minibot', 'me'),
(168, 6, 'GVG_096', 'Piloted Shredder', 'opponent'),
(169, 6, 'CS2_101', 'Reinforce', 'me'),
(170, 6, 'GVG_044', 'Spider Tank', 'opponent'),
(171, 6, 'CS2_034', 'Fireblast', 'opponent'),
(172, 6, 'GVG_060', 'Quartermaster', 'me'),
(173, 6, 'GVG_003', 'Unstable Portal', 'opponent'),
(174, 6, 'GVG_013', 'Cogmaster', 'opponent'),
(175, 6, 'GVG_013', 'Cogmaster', 'opponent'),
(176, 6, 'CS2_034', 'Fireblast', 'opponent'),
(177, 6, 'EX1_016', 'Sylvanas Windrunner', 'me'),
(178, 6, 'EX1_564', 'Faceless Manipulator', 'opponent'),
(179, 6, 'CS2_034', 'Fireblast', 'opponent'),
(180, 6, 'GVG_096', 'Piloted Shredder', 'me'),
(181, 6, 'GVG_061', 'Muster for Battle', 'me'),
(182, 7, 'GVG_058', 'Shielded Minibot', 'me'),
(183, 7, 'CS2_101', 'Reinforce', 'opponent'),
(184, 7, 'CS2_101', 'Reinforce', 'me'),
(185, 7, 'GAME_005', 'The Coin', 'opponent'),
(186, 7, 'CS2_097', 'Truesilver Champion', 'opponent'),
(187, 7, 'GVG_096', 'Piloted Shredder', 'me'),
(188, 7, 'EX1_382', 'Aldor Peacekeeper', 'opponent'),
(189, 7, 'CS2_097', 'Truesilver Champion', 'me'),
(190, 7, 'GVG_058', 'Shielded Minibot', 'opponent'),
(191, 7, 'CS2_101', 'Reinforce', 'opponent'),
(192, 7, 'FP1_001', 'Zombie Chow', 'me'),
(193, 7, 'CS2_101', 'Reinforce', 'me'),
(194, 7, 'EX1_085', 'Mind Control Tech', 'opponent'),
(195, 7, 'CS2_101', 'Reinforce', 'opponent'),
(196, 7, 'CS2_093', 'Consecration', 'me'),
(197, 7, 'CS2_101', 'Reinforce', 'me'),
(198, 7, 'EX1_016', 'Sylvanas Windrunner', 'opponent'),
(199, 7, 'NEW1_019', 'Knife Juggler', 'me'),
(200, 7, 'GVG_096', 'Piloted Shredder', 'me'),
(201, 7, 'CS2_101', 'Reinforce', 'me'),
(202, 7, 'GVG_061', 'Muster for Battle', 'opponent'),
(203, 7, 'GVG_060', 'Quartermaster', 'opponent'),
(204, 7, 'EX1_558', 'Harrison Jones', 'me'),
(205, 7, 'CS2_101', 'Reinforce', 'me'),
(206, 7, 'EX1_354', 'Lay on Hands', 'opponent'),
(207, 7, 'GVG_061', 'Muster for Battle', 'me'),
(208, 7, 'CS2_101', 'Reinforce', 'me'),
(209, 7, 'GVG_060', 'Quartermaster', 'me'),
(210, 7, 'CS2_093', 'Consecration', 'opponent'),
(211, 7, 'CS2_093', 'Consecration', 'opponent'),
(212, 7, 'NEW1_019', 'Knife Juggler', 'opponent'),
(213, 7, 'CS2_093', 'Consecration', 'me'),
(214, 7, 'GVG_061', 'Muster for Battle', 'me'),
(215, 7, 'CS2_101', 'Reinforce', 'me'),
(216, 7, 'NEW1_019', 'Knife Juggler', 'opponent'),
(217, 7, 'GVG_061', 'Muster for Battle', 'opponent'),
(218, 7, 'GVG_096', 'Piloted Shredder', 'opponent'),
(219, 7, 'NEW1_019', 'Knife Juggler', 'me'),
(220, 7, 'FP1_012', 'Sludge Belcher', 'me'),
(221, 7, 'EX1_382', 'Aldor Peacekeeper', 'me'),
(222, 7, 'CS2_203', 'Ironbeak Owl', 'opponent'),
(223, 7, 'CS2_097', 'Truesilver Champion', 'opponent'),
(224, 8, 'FP1_001', 'Zombie Chow', 'me'),
(225, 8, 'CS2_083b', 'Dagger Mastery', 'opponent'),
(226, 8, 'NEW1_019', 'Knife Juggler', 'me'),
(227, 8, 'EX1_124', 'Eviscerate', 'opponent'),
(228, 8, 'GAME_005', 'The Coin', 'me'),
(229, 8, 'GVG_096', 'Piloted Shredder', 'me'),
(230, 8, 'NEW1_026', 'Violet Teacher', 'opponent'),
(231, 8, 'CS2_097', 'Truesilver Champion', 'me'),
(232, 8, 'EX1_012', 'Bloodmage Thalnos', 'opponent'),
(233, 8, 'EX1_134', 'SI:7 Agent', 'opponent'),
(234, 8, 'GVG_058', 'Shielded Minibot', 'me'),
(235, 8, 'CS2_101', 'Reinforce', 'me'),
(236, 8, 'EX1_134', 'SI:7 Agent', 'opponent'),
(237, 8, 'CS2_083b', 'Dagger Mastery', 'opponent'),
(238, 8, 'GVG_061', 'Muster for Battle', 'me'),
(239, 8, 'CS2_101', 'Reinforce', 'me'),
(240, 8, 'CS2_077', 'Sprint', 'opponent'),
(241, 8, 'CS2_072', 'Backstab', 'opponent'),
(242, 8, 'EX1_145', 'Preparation', 'opponent'),
(243, 8, 'EX1_129', 'Fan of Knives', 'opponent'),
(244, 8, 'GVG_110', 'Dr. Boom', 'me'),
(245, 8, 'GVG_110', 'Dr. Boom', 'opponent'),
(246, 8, 'FP1_013', 'Kel''Thuzad', 'me'),
(247, 8, 'EX1_284', 'Azure Drake', 'opponent'),
(248, 8, 'EX1_581', 'Sap', 'opponent'),
(249, 8, 'EX1_581', 'Sap', 'opponent'),
(250, 8, 'NEW1_019', 'Knife Juggler', 'me'),
(251, 8, 'GVG_110', 'Dr. Boom', 'me'),
(252, 8, 'EX1_284', 'Azure Drake', 'opponent'),
(253, 8, 'EX1_129', 'Fan of Knives', 'opponent'),
(254, 9, 'FP1_001', 'Zombie Chow', 'opponent'),
(255, 9, 'GVG_058', 'Shielded Minibot', 'me'),
(256, 9, 'CS2_235', 'Northshire Cleric', 'opponent'),
(257, 9, 'GAME_005', 'The Coin', 'opponent'),
(258, 9, 'CS1h_001', 'Lesser Heal', 'opponent'),
(259, 9, 'GVG_061', 'Muster for Battle', 'me'),
(260, 9, 'FP1_009', 'Deathlord', 'opponent'),
(261, 9, 'NEW1_019', 'Knife Juggler', 'me'),
(262, 9, 'CS2_203', 'Ironbeak Owl', 'me'),
(263, 9, 'EX1_334', 'Shadow Madness', 'opponent'),
(264, 9, 'FP1_012', 'Sludge Belcher', 'me'),
(265, 9, 'FP1_012', 'Sludge Belcher', 'opponent'),
(266, 9, 'EX1_558', 'Harrison Jones', 'me'),
(267, 9, 'EX1_091', 'Cabal Shadow Priest', 'opponent'),
(268, 9, 'CS2_093', 'Consecration', 'me'),
(269, 9, 'GVG_061', 'Muster for Battle', 'me'),
(270, 9, 'GVG_069', 'Antique Healbot', 'opponent'),
(271, 9, 'GVG_081', 'Gilblin Stalker', 'opponent'),
(272, 9, 'FP1_030', 'Loatheb', 'me'),
(273, 9, 'CS2_101', 'Reinforce', 'me'),
(274, 9, 'EX1_622', 'Shadow Word: Death', 'opponent'),
(275, 9, 'EX1_354', 'Lay on Hands', 'me'),
(276, 9, 'FP1_023', 'Dark Cultist', 'opponent'),
(277, 9, 'CS1h_001', 'Lesser Heal', 'opponent'),
(278, 9, 'CS2_097', 'Truesilver Champion', 'me'),
(279, 9, 'FP1_012', 'Sludge Belcher', 'me'),
(280, 9, 'FP1_001', 'Zombie Chow', 'me'),
(281, 9, 'EX1_091', 'Cabal Shadow Priest', 'opponent'),
(282, 9, 'FP1_001', 'Zombie Chow', 'opponent'),
(283, 9, 'CS1h_001', 'Lesser Heal', 'opponent'),
(284, 9, 'EX1_016', 'Sylvanas Windrunner', 'me'),
(285, 9, 'CS2_101', 'Reinforce', 'me'),
(286, 9, 'CS1h_001', 'Lesser Heal', 'opponent'),
(287, 9, 'NEW1_019', 'Knife Juggler', 'me'),
(288, 9, 'CS2_101', 'Reinforce', 'me'),
(289, 9, 'GVG_060', 'Quartermaster', 'me'),
(290, 9, 'GVG_008', 'Lightbomb', 'opponent'),
(291, 9, 'CS1h_001', 'Lesser Heal', 'opponent'),
(292, 9, 'GVG_011', 'Shrinkmeister', 'opponent'),
(293, 9, 'CS2_101', 'Reinforce', 'me'),
(294, 9, 'FP1_013', 'Kel''Thuzad', 'me'),
(295, 9, 'EX1_016', 'Sylvanas Windrunner', 'opponent'),
(296, 9, 'CS1h_001', 'Lesser Heal', 'opponent'),
(297, 9, 'CS2_101', 'Reinforce', 'me'),
(298, 9, 'EX1_382', 'Aldor Peacekeeper', 'me'),
(299, 9, 'FP1_009', 'Deathlord', 'opponent'),
(300, 9, 'CS1h_001', 'Lesser Heal', 'opponent'),
(301, 9, 'CS2_093', 'Consecration', 'me'),
(302, 9, 'GVG_096', 'Piloted Shredder', 'me'),
(303, 10, 'NEW1_019', 'Knife Juggler', 'me'),
(304, 10, 'GAME_005', 'The Coin', 'opponent'),
(305, 10, 'EX1_134', 'SI:7 Agent', 'opponent'),
(306, 10, 'EX1_382', 'Aldor Peacekeeper', 'me'),
(307, 10, 'CS2_117', 'Earthen Ring Farseer', 'opponent'),
(308, 10, 'GVG_096', 'Piloted Shredder', 'me'),
(309, 10, 'NEW1_026', 'Violet Teacher', 'opponent'),
(310, 10, 'EX1_145', 'Preparation', 'opponent'),
(311, 10, 'EX1_581', 'Sap', 'opponent'),
(312, 10, 'GVG_096', 'Piloted Shredder', 'me'),
(313, 10, 'EX1_284', 'Azure Drake', 'opponent'),
(314, 10, 'CS2_072', 'Backstab', 'opponent'),
(315, 10, 'EX1_016', 'Sylvanas Windrunner', 'me'),
(316, 10, 'EX1_581', 'Sap', 'opponent'),
(317, 10, 'GVG_096', 'Piloted Shredder', 'opponent'),
(318, 10, 'EX1_382', 'Aldor Peacekeeper', 'me'),
(319, 10, 'CS2_203', 'Ironbeak Owl', 'me'),
(320, 10, 'FP1_001', 'Zombie Chow', 'me'),
(321, 10, 'CS2_077', 'Sprint', 'opponent'),
(322, 10, 'FP1_030', 'Loatheb', 'me'),
(323, 10, 'CS2_101', 'Reinforce', 'me'),
(324, 10, 'EX1_284', 'Azure Drake', 'opponent'),
(325, 10, 'EX1_134', 'SI:7 Agent', 'opponent'),
(326, 10, 'EX1_354', 'Lay on Hands', 'me'),
(327, 10, 'CS2_083b', 'Dagger Mastery', 'opponent'),
(328, 10, 'EX1_129', 'Fan of Knives', 'opponent'),
(329, 10, 'GVG_022', 'Tinker''s Sharpsword Oil', 'opponent'),
(330, 11, 'EX1_029', 'Leper Gnome', 'opponent'),
(331, 11, 'FP1_001', 'Zombie Chow', 'me'),
(332, 11, 'NEW1_012', 'Mana Wyrm', 'opponent'),
(333, 11, 'GAME_005', 'The Coin', 'me'),
(334, 11, 'GVG_061', 'Muster for Battle', 'me'),
(335, 11, 'CS2_023', 'Arcane Intellect', 'opponent'),
(336, 11, 'NEW1_019', 'Knife Juggler', 'me'),
(337, 11, 'EX1_089', 'Arcane Golem', 'opponent'),
(338, 11, 'EX1_029', 'Leper Gnome', 'opponent'),
(339, 11, 'FP1_012', 'Sludge Belcher', 'me'),
(340, 11, 'FP1_030', 'Loatheb', 'opponent'),
(341, 11, 'EX1_016', 'Sylvanas Windrunner', 'me'),
(342, 11, 'EX1_295', 'Ice Block', 'opponent'),
(343, 11, 'NEW1_012', 'Mana Wyrm', 'opponent'),
(344, 11, 'CS2_034', 'Fireblast', 'opponent'),
(345, 11, 'GVG_110', 'Dr. Boom', 'me'),
(346, 11, 'EX1_082', 'Mad Bomber', 'opponent'),
(347, 11, 'CS2_029', 'Fireball', 'opponent'),
(348, 11, 'FP1_030', 'Loatheb', 'me'),
(349, 11, 'EX1_295', 'Ice Block', 'opponent'),
(350, 11, 'EX1_096', 'Loot Hoarder', 'opponent'),
(351, 11, 'CS2_034', 'Fireblast', 'opponent'),
(352, 11, 'CS2_024', 'Frostbolt', 'opponent'),
(353, 11, 'CS2_031', 'Ice Lance', 'opponent'),
(354, 12, 'NEW1_019', 'Knife Juggler', 'me'),
(355, 12, 'GVG_018', 'Mistress of Pain', 'opponent'),
(356, 12, 'GVG_061', 'Muster for Battle', 'me'),
(357, 12, 'EX1_302', 'Mortal Coil', 'opponent'),
(358, 12, 'CS2_056', 'Life Tap', 'opponent'),
(359, 12, 'CS2_097', 'Truesilver Champion', 'me'),
(360, 12, 'CS2_056', 'Life Tap', 'opponent'),
(361, 12, 'FP1_007', 'Nerubian Egg', 'opponent'),
(362, 12, 'GVG_058', 'Shielded Minibot', 'me'),
(363, 12, 'CS2_101', 'Reinforce', 'me'),
(364, 12, 'FP1_022', 'Voidcaller', 'opponent'),
(365, 12, 'GVG_018', 'Mistress of Pain', 'opponent'),
(366, 12, 'NEW1_019', 'Knife Juggler', 'me'),
(367, 12, 'CS2_101', 'Reinforce', 'me'),
(368, 12, 'CS2_056', 'Life Tap', 'opponent'),
(369, 12, 'CS2_062', 'Hellfire', 'opponent'),
(370, 12, 'EX1_016', 'Sylvanas Windrunner', 'me'),
(371, 12, 'CS2_188', 'Abusive Sergeant', 'opponent'),
(372, 12, 'EX1_316', 'Power Overwhelming', 'opponent'),
(373, 12, 'EX1_005', 'Big Game Hunter', 'opponent'),
(374, 12, 'CS2_056', 'Life Tap', 'opponent'),
(375, 12, 'FP1_012', 'Sludge Belcher', 'me'),
(376, 12, 'GVG_058', 'Shielded Minibot', 'me'),
(377, 12, 'FP1_012', 'Sludge Belcher', 'opponent'),
(378, 12, 'EX1_005', 'Big Game Hunter', 'opponent'),
(379, 12, 'CS2_203', 'Ironbeak Owl', 'me'),
(380, 13, 'EX1_010', 'Worgen Infiltrator', 'opponent'),
(381, 13, 'FP1_004', 'Mad Scientist', 'opponent'),
(382, 13, 'GAME_005', 'The Coin', 'me'),
(383, 13, 'GVG_061', 'Muster for Battle', 'me'),
(384, 13, 'EX1_029', 'Leper Gnome', 'opponent'),
(385, 13, 'DS1h_292', 'Steady Shot', 'opponent'),
(386, 13, 'EX1_382', 'Aldor Peacekeeper', 'me'),
(387, 13, 'EX1_010', 'Worgen Infiltrator', 'opponent'),
(388, 13, 'DS1h_292', 'Steady Shot', 'opponent'),
(389, 13, 'CS2_093', 'Consecration', 'me'),
(390, 13, 'EX1_089', 'Arcane Golem', 'opponent'),
(391, 13, 'DS1h_292', 'Steady Shot', 'opponent'),
(392, 13, 'GVG_069', 'Antique Healbot', 'me'),
(393, 13, 'FP1_001', 'Zombie Chow', 'me'),
(394, 13, 'CS2_124', 'Wolfrider', 'opponent'),
(395, 13, 'CS2_188', 'Abusive Sergeant', 'opponent'),
(396, 13, 'DS1h_292', 'Steady Shot', 'opponent'),
(397, 13, 'EX1_016', 'Sylvanas Windrunner', 'me'),
(398, 13, 'EX1_536', 'Eaglehorn Bow', 'opponent'),
(399, 13, 'DS1h_292', 'Steady Shot', 'opponent'),
(400, 13, 'EX1_558', 'Harrison Jones', 'me'),
(401, 13, 'EX1_538', 'Unleash the Hounds', 'opponent'),
(402, 13, 'EX1_539', 'Kill Command', 'opponent'),
(403, 13, 'DS1h_292', 'Steady Shot', 'opponent'),
(404, 14, 'GAME_005', 'The Coin', 'opponent'),
(405, 14, 'NEW1_019', 'Knife Juggler', 'opponent'),
(406, 14, 'NEW1_019', 'Knife Juggler', 'me'),
(407, 14, 'GVG_043', 'Glaivezooka', 'opponent'),
(408, 14, 'EX1_382', 'Aldor Peacekeeper', 'me'),
(409, 14, 'EX1_010', 'Worgen Infiltrator', 'opponent'),
(410, 14, 'DS1h_292', 'Steady Shot', 'opponent'),
(411, 14, 'CS2_097', 'Truesilver Champion', 'me'),
(412, 14, 'DS1h_292', 'Steady Shot', 'opponent'),
(413, 14, 'FP1_004', 'Mad Scientist', 'opponent'),
(414, 14, 'GVG_058', 'Shielded Minibot', 'me'),
(415, 14, 'GVG_061', 'Muster for Battle', 'me'),
(416, 14, 'EX1_010', 'Worgen Infiltrator', 'opponent'),
(417, 14, 'DS1h_292', 'Steady Shot', 'opponent'),
(418, 14, 'EX1_610', 'Explosive Trap', 'opponent'),
(419, 14, 'EX1_002', 'The Black Knight', 'me'),
(420, 14, 'EX1_536', 'Eaglehorn Bow', 'opponent'),
(421, 14, 'DS1h_292', 'Steady Shot', 'opponent'),
(422, 14, 'EX1_558', 'Harrison Jones', 'me'),
(423, 14, 'NEW1_019', 'Knife Juggler', 'me'),
(424, 14, 'NEW1_031', 'Animal Companion', 'opponent'),
(425, 14, 'EX1_610', 'Explosive Trap', 'opponent'),
(426, 14, 'DS1h_292', 'Steady Shot', 'opponent'),
(427, 14, 'EX1_016', 'Sylvanas Windrunner', 'me'),
(428, 14, 'EX1_538', 'Unleash the Hounds', 'opponent'),
(429, 14, 'DS1h_292', 'Steady Shot', 'opponent'),
(430, 15, 'FP1_007', 'Nerubian Egg', 'opponent'),
(431, 15, 'CS2_101', 'Reinforce', 'me'),
(432, 15, 'FP1_002', 'Haunted Creeper', 'opponent'),
(433, 15, 'CS2_188', 'Abusive Sergeant', 'opponent'),
(434, 15, 'GVG_061', 'Muster for Battle', 'me'),
(435, 15, 'EX1_046', 'Dark Iron Dwarf', 'opponent'),
(436, 15, 'EX1_619', 'Equality', 'me'),
(437, 15, 'GAME_005', 'The Coin', 'me'),
(438, 15, 'EX1_382', 'Aldor Peacekeeper', 'me'),
(439, 15, 'CS2_056', 'Life Tap', 'opponent'),
(440, 15, 'NEW1_019', 'Knife Juggler', 'opponent'),
(441, 15, 'CS2_065', 'Voidwalker', 'opponent'),
(442, 15, 'FP1_012', 'Sludge Belcher', 'me'),
(443, 15, 'CS2_056', 'Life Tap', 'opponent'),
(444, 15, 'CS2_203', 'Ironbeak Owl', 'opponent'),
(445, 15, 'CS2_065', 'Voidwalker', 'opponent'),
(446, 15, 'EX1_319', 'Flame Imp', 'opponent'),
(447, 15, 'GVG_069', 'Antique Healbot', 'me'),
(448, 15, 'FP1_002', 'Haunted Creeper', 'opponent'),
(449, 15, 'EX1_310', 'Doomguard', 'opponent'),
(450, 15, 'FP1_030', 'Loatheb', 'me'),
(451, 15, 'GVG_058', 'Shielded Minibot', 'me'),
(452, 15, 'EX1_162', 'Dire Wolf Alpha', 'opponent'),
(453, 16, 'EX1_319', 'Flame Imp', 'me'),
(454, 16, 'CS2_013', 'Wild Growth', 'opponent'),
(455, 16, 'FP1_002', 'Haunted Creeper', 'me'),
(456, 16, 'CS2_017', 'Shapeshift', 'opponent'),
(457, 16, 'GAME_005', 'The Coin', 'me'),
(458, 16, 'FP1_022', 'Voidcaller', 'me'),
(459, 16, 'EX1_165', 'Druid of the Claw', 'opponent'),
(460, 16, 'CS2_056', 'Life Tap', 'me'),
(461, 16, 'EX1_316', 'Power Overwhelming', 'me'),
(462, 16, 'EX1_016', 'Sylvanas Windrunner', 'opponent'),
(463, 16, 'NEW1_019', 'Knife Juggler', 'me'),
(464, 16, 'CS2_203', 'Ironbeak Owl', 'me'),
(465, 16, 'EX1_310', 'Doomguard', 'me'),
(466, 16, 'EX1_169', 'Innervate', 'opponent'),
(467, 16, 'EX1_573', 'Cenarius', 'opponent'),
(468, 16, 'GVG_045', 'Imp-losion', 'me'),
(469, 16, 'FP1_007', 'Nerubian Egg', 'me'),
(470, 16, 'CS2_012', 'Swipe', 'opponent'),
(471, 16, 'CS2_017', 'Shapeshift', 'opponent'),
(472, 17, 'FP1_001', 'Zombie Chow', 'opponent'),
(473, 17, 'GAME_005', 'The Coin', 'me'),
(474, 17, 'FP1_007', 'Nerubian Egg', 'me'),
(475, 17, 'CS2_056', 'Life Tap', 'opponent'),
(476, 17, 'FP1_007', 'Nerubian Egg', 'me'),
(477, 17, 'CS2_056', 'Life Tap', 'opponent'),
(478, 17, 'EX1_304', 'Void Terror', 'me'),
(479, 17, 'EX1_043', 'Twilight Drake', 'opponent'),
(480, 17, 'NEW1_019', 'Knife Juggler', 'me'),
(481, 17, 'CS2_203', 'Ironbeak Owl', 'me'),
(482, 17, 'FP1_012', 'Sludge Belcher', 'opponent'),
(483, 17, 'CS2_056', 'Life Tap', 'me'),
(484, 17, 'BRM_006', 'Imp Gang Boss', 'me'),
(485, 17, 'EX1_045', 'Ancient Watcher', 'opponent'),
(486, 17, 'EX1_093', 'Defender of Argus', 'opponent'),
(487, 17, 'GVG_045', 'Imp-losion', 'me'),
(488, 17, 'EX1_620', 'Molten Giant', 'opponent'),
(489, 17, 'EX1_058', 'Sunfury Protector', 'opponent'),
(490, 17, 'GVG_015', 'Darkbomb', 'opponent'),
(491, 17, 'CS2_056', 'Life Tap', 'me'),
(492, 17, 'FP1_022', 'Voidcaller', 'me'),
(493, 17, 'EX1_319', 'Flame Imp', 'me'),
(494, 17, 'CS2_056', 'Life Tap', 'opponent'),
(495, 17, 'GVG_069', 'Antique Healbot', 'opponent'),
(496, 17, 'CS2_056', 'Life Tap', 'me'),
(497, 17, 'EX1_586', 'Sea Giant', 'me'),
(498, 17, 'FP1_002', 'Haunted Creeper', 'me'),
(499, 17, 'EX1_045', 'Ancient Watcher', 'opponent'),
(500, 17, 'EX1_303', 'Shadowflame', 'opponent'),
(501, 17, 'GVG_021', 'Mal''Ganis', 'me'),
(502, 18, 'NEW1_019', 'Knife Juggler', 'me'),
(503, 18, 'GAME_005', 'The Coin', 'opponent'),
(504, 18, 'EX1_007', 'Acolyte of Pain', 'opponent'),
(505, 18, 'CS2_056', 'Life Tap', 'me'),
(506, 18, 'EX1_402', 'Armorsmith', 'opponent'),
(507, 18, 'EX1_400', 'Whirlwind', 'opponent'),
(508, 18, 'FP1_022', 'Voidcaller', 'me'),
(509, 18, 'FP1_021', 'Death''s Bite', 'opponent'),
(510, 18, 'GVG_021', 'Mal''Ganis', 'me'),
(511, 18, 'CS2_056', 'Life Tap', 'me'),
(512, 18, 'FP1_002', 'Haunted Creeper', 'me'),
(513, 18, 'EX1_391', 'Slam', 'opponent'),
(514, 18, 'EX1_007', 'Acolyte of Pain', 'opponent'),
(515, 18, 'EX1_016', 'Sylvanas Windrunner', 'me'),
(516, 18, 'FP1_021', 'Death''s Bite', 'opponent'),
(517, 18, 'NEW1_022', 'Dread Corsair', 'opponent'),
(518, 18, 'CS2_102', 'Armor Up!', 'opponent'),
(519, 18, 'CS2_188', 'Abusive Sergeant', 'me'),
(520, 18, 'EX1_304', 'Void Terror', 'me'),
(521, 18, 'FP1_002', 'Haunted Creeper', 'me'),
(522, 18, 'BRM_019', 'Grim Patron', 'opponent'),
(523, 18, 'EX1_607', 'Inner Rage', 'opponent'),
(524, 18, 'CS2_102', 'Armor Up!', 'opponent'),
(525, 18, 'EX1_316', 'Power Overwhelming', 'me'),
(526, 18, 'EX1_310', 'Doomguard', 'me'),
(527, 19, 'EX1_029', 'Leper Gnome', 'opponent'),
(528, 19, 'CS2_065', 'Voidwalker', 'me'),
(529, 19, 'BRM_013', 'Quick Shot', 'opponent'),
(530, 19, 'FP1_002', 'Haunted Creeper', 'me'),
(531, 19, 'NEW1_031', 'Animal Companion', 'opponent'),
(532, 19, 'NEW1_019', 'Knife Juggler', 'me'),
(533, 19, 'EX1_316', 'Power Overwhelming', 'me'),
(534, 19, 'FP1_002', 'Haunted Creeper', 'opponent'),
(535, 19, 'GVG_043', 'Glaivezooka', 'opponent'),
(536, 19, 'GVG_045', 'Imp-losion', 'me'),
(537, 19, 'GVG_096', 'Piloted Shredder', 'opponent'),
(538, 19, 'CS2_188', 'Abusive Sergeant', 'me'),
(539, 19, 'EX1_316', 'Power Overwhelming', 'me'),
(540, 19, 'EX1_304', 'Void Terror', 'me'),
(541, 19, 'EX1_611', 'Freezing Trap', 'opponent'),
(542, 19, 'EX1_536', 'Eaglehorn Bow', 'opponent'),
(543, 19, 'CS2_056', 'Life Tap', 'me'),
(544, 19, 'EX1_093', 'Defender of Argus', 'me'),
(545, 19, 'NEW1_031', 'Animal Companion', 'opponent'),
(546, 19, 'EX1_539', 'Kill Command', 'opponent'),
(547, 19, 'NEW1_019', 'Knife Juggler', 'me'),
(548, 19, 'GVG_096', 'Piloted Shredder', 'opponent'),
(549, 19, 'DS1h_292', 'Steady Shot', 'opponent'),
(550, 19, 'EX1_310', 'Doomguard', 'me'),
(551, 19, 'DS1h_292', 'Steady Shot', 'opponent'),
(552, 20, 'CS2_065', 'Voidwalker', 'me'),
(553, 20, 'GVG_013', 'Cogmaster', 'opponent'),
(554, 20, 'CS2_056', 'Life Tap', 'me'),
(555, 20, 'GVG_006', 'Mechwarper', 'opponent'),
(556, 20, 'BRM_006', 'Imp Gang Boss', 'me'),
(557, 20, 'GVG_085', 'Annoy-o-Tron', 'opponent'),
(558, 20, 'EX1_556', 'Harvest Golem', 'opponent'),
(559, 20, 'GAME_005', 'The Coin', 'opponent'),
(560, 20, 'GVG_002', 'Snowchugger', 'opponent'),
(561, 20, 'GVG_045', 'Imp-losion', 'me'),
(562, 20, 'GVG_004', 'Goblin Blastmage', 'opponent'),
(563, 20, 'EX1_320', 'Bane of Doom', 'me'),
(564, 20, 'GVG_082', 'Clockwork Gnome', 'opponent'),
(565, 20, 'CS2_034', 'Fireblast', 'opponent'),
(566, 20, 'EX1_319', 'Flame Imp', 'me'),
(567, 20, 'EX1_093', 'Defender of Argus', 'me'),
(568, 20, 'CS2_188', 'Abusive Sergeant', 'me'),
(569, 20, 'CS2_034', 'Fireblast', 'opponent'),
(570, 20, 'GVG_096', 'Piloted Shredder', 'opponent'),
(571, 20, 'NEW1_019', 'Knife Juggler', 'me'),
(572, 20, 'CS2_203', 'Ironbeak Owl', 'me'),
(573, 20, 'EX1_310', 'Doomguard', 'me'),
(574, 20, 'CS2_029', 'Fireball', 'opponent'),
(575, 20, 'CS2_034', 'Fireblast', 'opponent'),
(576, 20, 'GVG_082', 'Clockwork Gnome', 'opponent'),
(577, 20, 'CS2_056', 'Life Tap', 'me'),
(578, 20, 'EX1_093', 'Defender of Argus', 'me'),
(579, 20, 'EX1_559', 'Archmage Antonidas', 'opponent'),
(580, 20, 'PART_007', 'Whirling Blades', 'opponent'),
(581, 20, 'EX1_316', 'Power Overwhelming', 'me'),
(582, 21, 'CS1h_001', 'Lesser Heal', 'opponent'),
(583, 21, 'CS2_083b', 'Dagger Mastery', 'me'),
(584, 21, 'FP1_023', 'Dark Cultist', 'opponent'),
(585, 21, 'GAME_005', 'The Coin', 'me'),
(586, 21, 'NEW1_026', 'Violet Teacher', 'me'),
(587, 21, 'EX1_145', 'Preparation', 'me'),
(588, 21, 'EX1_124', 'Eviscerate', 'me'),
(589, 21, 'EX1_339', 'Thoughtsteal', 'opponent'),
(590, 21, 'CS2_074', 'Deadly Poison', 'me'),
(591, 21, 'EX1_134', 'SI:7 Agent', 'me'),
(592, 21, 'GVG_012', 'Light of the Naaru', 'opponent'),
(593, 21, 'EX1_134', 'SI:7 Agent', 'opponent'),
(594, 21, 'CS2_004', 'Power Word: Shield', 'opponent'),
(595, 21, 'CS2_233', 'Blade Flurry', 'me'),
(596, 21, 'CS2_117', 'Earthen Ring Farseer', 'me'),
(597, 21, 'EX1_624', 'Holy Fire', 'opponent'),
(598, 21, 'EX1_284', 'Azure Drake', 'me'),
(599, 21, 'FP1_012', 'Sludge Belcher', 'opponent'),
(600, 21, 'CS1h_001', 'Lesser Heal', 'opponent'),
(601, 21, 'GVG_096', 'Piloted Shredder', 'me'),
(602, 21, 'EX1_124', 'Eviscerate', 'me'),
(603, 22, 'FP1_002', 'Haunted Creeper', 'opponent'),
(604, 22, 'CS2_083b', 'Dagger Mastery', 'me'),
(605, 22, 'FP1_002', 'Haunted Creeper', 'opponent'),
(606, 22, 'EX1_134', 'SI:7 Agent', 'me'),
(607, 22, 'EX1_565', 'Flametongue Totem', 'opponent'),
(608, 22, 'CS2_049', 'Totemic Call', 'opponent'),
(609, 22, 'CS2_074', 'Deadly Poison', 'me'),
(610, 22, 'EX1_134', 'SI:7 Agent', 'me'),
(611, 22, 'GVG_096', 'Piloted Shredder', 'opponent'),
(612, 22, 'EX1_129', 'Fan of Knives', 'me'),
(613, 22, 'CS2_083b', 'Dagger Mastery', 'me'),
(614, 22, 'CS2_049', 'Totemic Call', 'opponent'),
(615, 22, 'FP1_007', 'Nerubian Egg', 'opponent'),
(616, 22, 'NEW1_026', 'Violet Teacher', 'me'),
(617, 22, 'EX1_124', 'Eviscerate', 'me'),
(618, 22, 'CS2_045', 'Rockbiter Weapon', 'opponent'),
(619, 22, 'FP1_031', 'Baron Rivendare', 'opponent'),
(620, 22, 'CS2_049', 'Totemic Call', 'opponent'),
(621, 22, 'EX1_581', 'Sap', 'me'),
(622, 22, 'CS2_117', 'Earthen Ring Farseer', 'me'),
(623, 22, 'GAME_005', 'The Coin', 'me'),
(624, 22, 'EX1_613', 'Edwin VanCleef', 'me'),
(625, 22, 'EX1_246', 'Hex', 'opponent'),
(626, 22, 'FP1_012', 'Sludge Belcher', 'opponent'),
(627, 22, 'EX1_012', 'Bloodmage Thalnos', 'me'),
(628, 22, 'EX1_129', 'Fan of Knives', 'me'),
(629, 22, 'CS2_083b', 'Dagger Mastery', 'me'),
(630, 22, 'CS2_042', 'Fire Elemental', 'opponent'),
(631, 22, 'CS2_049', 'Totemic Call', 'opponent'),
(632, 22, 'EX1_284', 'Azure Drake', 'me'),
(633, 22, 'EX1_145', 'Preparation', 'me'),
(634, 23, 'GAME_005', 'The Coin', 'opponent'),
(635, 23, 'NEW1_019', 'Knife Juggler', 'opponent'),
(636, 23, 'CS2_083b', 'Dagger Mastery', 'me'),
(637, 23, 'FP1_002', 'Haunted Creeper', 'opponent'),
(638, 23, 'CS2_072', 'Backstab', 'me'),
(639, 23, 'EX1_134', 'SI:7 Agent', 'me'),
(640, 23, 'CS2_188', 'Abusive Sergeant', 'opponent'),
(641, 23, 'DS1h_292', 'Steady Shot', 'opponent'),
(642, 23, 'EX1_129', 'Fan of Knives', 'me'),
(643, 23, 'EX1_089', 'Arcane Golem', 'opponent'),
(644, 23, 'EX1_029', 'Leper Gnome', 'opponent'),
(645, 23, 'FP1_012', 'Sludge Belcher', 'me'),
(646, 23, 'NEW1_031', 'Animal Companion', 'opponent'),
(647, 23, 'FP1_004', 'Mad Scientist', 'opponent'),
(648, 23, 'EX1_284', 'Azure Drake', 'me'),
(649, 23, 'EX1_581', 'Sap', 'me'),
(650, 23, 'FP1_004', 'Mad Scientist', 'opponent'),
(651, 23, 'BRM_013', 'Quick Shot', 'opponent'),
(652, 23, 'DS1h_292', 'Steady Shot', 'opponent'),
(653, 23, 'EX1_145', 'Preparation', 'me'),
(654, 23, 'CS2_077', 'Sprint', 'me'),
(655, 23, 'EX1_134', 'SI:7 Agent', 'me'),
(656, 23, 'EX1_145', 'Preparation', 'me'),
(657, 23, 'EX1_581', 'Sap', 'me'),
(658, 23, 'EX1_536', 'Eaglehorn Bow', 'opponent'),
(659, 23, 'EX1_539', 'Kill Command', 'opponent'),
(660, 23, 'FP1_030', 'Loatheb', 'me'),
(661, 23, 'CS2_083b', 'Dagger Mastery', 'me'),
(662, 23, 'CS2_233', 'Blade Flurry', 'me'),
(663, 23, 'EX1_089', 'Arcane Golem', 'opponent'),
(664, 23, 'DS1h_292', 'Steady Shot', 'opponent'),
(665, 24, 'NEW1_019', 'Knife Juggler', 'opponent'),
(666, 24, 'GVG_015', 'Darkbomb', 'me'),
(667, 24, 'NEW1_031', 'Animal Companion', 'opponent'),
(668, 24, 'GAME_005', 'The Coin', 'me'),
(669, 24, 'GVG_045', 'Imp-losion', 'me'),
(670, 24, 'EX1_538', 'Unleash the Hounds', 'opponent'),
(671, 24, 'EX1_302', 'Mortal Coil', 'me'),
(672, 24, 'CS2_056', 'Life Tap', 'me'),
(673, 24, 'CS2_188', 'Abusive Sergeant', 'me'),
(674, 24, 'FP1_002', 'Haunted Creeper', 'opponent'),
(675, 24, 'EX1_536', 'Eaglehorn Bow', 'opponent'),
(676, 24, 'FP1_022', 'Voidcaller', 'me'),
(677, 24, 'GVG_043', 'Glaivezooka', 'opponent'),
(678, 24, 'CS2_203', 'Ironbeak Owl', 'opponent'),
(679, 24, 'DS1h_292', 'Steady Shot', 'opponent'),
(680, 24, 'CS2_062', 'Hellfire', 'me'),
(681, 24, 'EX1_089', 'Arcane Golem', 'opponent'),
(682, 24, 'DS1h_292', 'Steady Shot', 'opponent'),
(683, 24, 'EX1_010', 'Worgen Infiltrator', 'opponent'),
(684, 24, 'GVG_069', 'Antique Healbot', 'me'),
(685, 24, 'EX1_005', 'Big Game Hunter', 'me'),
(686, 24, 'EX1_538', 'Unleash the Hounds', 'opponent'),
(687, 24, 'EX1_539', 'Kill Command', 'opponent'),
(688, 24, 'DS1h_292', 'Steady Shot', 'opponent'),
(689, 25, 'GVG_006', 'Mechwarper', 'opponent'),
(690, 25, 'CS2_056', 'Life Tap', 'me'),
(691, 25, 'CS2_049', 'Totemic Call', 'opponent'),
(692, 25, 'GVG_006', 'Mechwarper', 'opponent'),
(693, 25, 'GAME_005', 'The Coin', 'me'),
(694, 25, 'GVG_045', 'Imp-losion', 'me'),
(695, 25, 'GVG_044', 'Spider Tank', 'opponent'),
(696, 25, 'CS2_049', 'Totemic Call', 'opponent'),
(697, 25, 'EX1_012', 'Bloodmage Thalnos', 'me'),
(698, 25, 'EX1_302', 'Mortal Coil', 'me'),
(699, 25, 'CS2_188', 'Abusive Sergeant', 'me'),
(700, 25, 'GVG_037', 'Whirling Zap-o-matic', 'opponent'),
(701, 25, 'CS2_045', 'Rockbiter Weapon', 'opponent'),
(702, 25, 'CS2_049', 'Totemic Call', 'opponent'),
(703, 25, 'GVG_045', 'Imp-losion', 'me'),
(704, 25, 'EX1_302', 'Mortal Coil', 'me'),
(705, 25, 'GVG_036', 'Powermace', 'opponent'),
(706, 25, 'CS2_049', 'Totemic Call', 'opponent'),
(707, 25, 'CS2_056', 'Life Tap', 'me'),
(708, 25, 'GVG_015', 'Darkbomb', 'me'),
(709, 25, 'CS2_065', 'Voidwalker', 'me'),
(710, 25, 'GVG_016', 'Fel Reaver', 'opponent'),
(711, 25, 'CS2_049', 'Totemic Call', 'opponent'),
(712, 25, 'EX1_316', 'Power Overwhelming', 'me'),
(713, 25, 'EX1_316', 'Power Overwhelming', 'me'),
(714, 25, 'CS2_056', 'Life Tap', 'me'),
(715, 25, 'FP1_007', 'Nerubian Egg', 'me'),
(716, 25, 'CS2_065', 'Voidwalker', 'me'),
(717, 25, 'GVG_016', 'Fel Reaver', 'opponent'),
(718, 25, 'GVG_085', 'Annoy-o-Tron', 'opponent'),
(719, 25, 'CS2_056', 'Life Tap', 'me'),
(720, 25, 'BRM_006', 'Imp Gang Boss', 'me'),
(721, 25, 'EX1_005', 'Big Game Hunter', 'me'),
(722, 25, 'EX1_567', 'Doomhammer', 'opponent'),
(723, 25, 'EX1_565', 'Flametongue Totem', 'opponent'),
(724, 25, 'CS2_049', 'Totemic Call', 'opponent'),
(725, 25, 'GVG_015', 'Darkbomb', 'me'),
(726, 25, 'GVG_069', 'Antique Healbot', 'me'),
(727, 25, 'CS2_056', 'Life Tap', 'me'),
(728, 25, 'EX1_241', 'Lava Burst', 'opponent'),
(729, 26, 'FP1_004', 'Mad Scientist', 'opponent'),
(730, 26, 'GAME_005', 'The Coin', 'me'),
(731, 26, 'EX1_007', 'Acolyte of Pain', 'me'),
(732, 26, 'CS2_023', 'Arcane Intellect', 'opponent'),
(733, 26, 'FP1_024', 'Unstable Ghoul', 'me'),
(734, 26, 'CS2_034', 'Fireblast', 'opponent'),
(735, 26, 'FP1_021', 'Death''s Bite', 'me'),
(736, 26, 'EX1_289', 'Ice Barrier', 'opponent'),
(737, 26, 'CS2_034', 'Fireblast', 'opponent'),
(738, 26, 'FP1_021', 'Death''s Bite', 'me'),
(739, 26, 'NEW1_022', 'Dread Corsair', 'me'),
(740, 26, 'BRM_028', 'Emperor Thaurissan', 'opponent'),
(741, 26, 'CS2_108', 'Execute', 'me'),
(742, 26, 'EX1_604', 'Frothing Berserker', 'me'),
(743, 26, 'CS2_102', 'Armor Up!', 'me'),
(744, 26, 'CS2_032', 'Flamestrike', 'opponent'),
(745, 26, 'EX1_604', 'Frothing Berserker', 'me'),
(746, 26, 'CS2_102', 'Armor Up!', 'me'),
(747, 26, 'EX1_561', 'Alexstrasza', 'opponent'),
(748, 26, 'EX1_391', 'Slam', 'me'),
(749, 26, 'EX1_603', 'Cruel Taskmaster', 'me'),
(750, 26, 'EX1_392', 'Battle Rage', 'me'),
(751, 26, 'CS2_102', 'Armor Up!', 'me'),
(752, 26, 'EX1_559', 'Archmage Antonidas', 'opponent'),
(753, 26, 'CS2_024', 'Frostbolt', 'opponent'),
(754, 26, 'CS2_031', 'Ice Lance', 'opponent'),
(755, 27, 'CS2_065', 'Voidwalker', 'me'),
(756, 27, 'CS2_017', 'Shapeshift', 'opponent'),
(757, 27, 'NEW1_019', 'Knife Juggler', 'me'),
(758, 27, 'FP1_005', 'Shade of Naxxramas', 'opponent'),
(759, 27, 'NEW1_019', 'Knife Juggler', 'me'),
(760, 27, 'EX1_166', 'Keeper of the Grove', 'opponent'),
(761, 27, 'FP1_022', 'Voidcaller', 'me'),
(762, 27, 'FP1_012', 'Sludge Belcher', 'opponent'),
(763, 27, 'GVG_045', 'Imp-losion', 'me'),
(764, 27, 'GAME_005', 'The Coin', 'me'),
(765, 27, 'CS2_203', 'Ironbeak Owl', 'me'),
(766, 27, 'CS2_012', 'Swipe', 'opponent'),
(767, 27, 'FP1_002', 'Haunted Creeper', 'opponent'),
(768, 27, 'EX1_016', 'Sylvanas Windrunner', 'me'),
(769, 27, 'GVG_096', 'Piloted Shredder', 'opponent'),
(770, 27, 'CS2_017', 'Shapeshift', 'opponent'),
(771, 27, 'GVG_110', 'Dr. Boom', 'me'),
(772, 27, 'CS2_011', 'Savage Roar', 'opponent'),
(773, 27, 'CS2_011', 'Savage Roar', 'opponent'),
(774, 28, 'EX1_319', 'Flame Imp', 'me'),
(775, 28, 'EX1_608', 'Sorcerer''s Apprentice', 'opponent'),
(776, 28, 'FP1_002', 'Haunted Creeper', 'me'),
(777, 28, 'NEW1_012', 'Mana Wyrm', 'opponent'),
(778, 28, 'GVG_003', 'Unstable Portal', 'opponent'),
(779, 28, 'FP1_001', 'Zombie Chow', 'opponent'),
(780, 28, 'GVG_123', 'Soot Spewer', 'opponent'),
(781, 28, 'FP1_002', 'Haunted Creeper', 'me'),
(782, 28, 'CS2_065', 'Voidwalker', 'me'),
(783, 28, 'EX1_294', 'Mirror Entity', 'opponent'),
(784, 28, 'CS2_034', 'Fireblast', 'opponent'),
(785, 28, 'CS2_203', 'Ironbeak Owl', 'me'),
(786, 28, 'GAME_005', 'The Coin', 'me'),
(787, 28, 'EX1_304', 'Void Terror', 'me'),
(788, 28, 'EX1_284', 'Azure Drake', 'opponent'),
(789, 28, 'CS2_056', 'Life Tap', 'me'),
(790, 28, 'BRM_006', 'Imp Gang Boss', 'me'),
(791, 28, 'CS2_034', 'Fireblast', 'opponent'),
(792, 28, 'GVG_074', 'Kezan Mystic', 'opponent'),
(793, 28, 'CS2_056', 'Life Tap', 'me'),
(794, 28, 'CS2_188', 'Abusive Sergeant', 'me'),
(795, 28, 'EX1_162', 'Dire Wolf Alpha', 'me'),
(796, 28, 'CS2_034', 'Fireblast', 'opponent'),
(797, 28, 'GVG_110', 'Dr. Boom', 'me'),
(798, 28, 'CS2_034', 'Fireblast', 'opponent'),
(799, 28, 'FP1_030', 'Loatheb', 'opponent'),
(800, 28, 'BRM_006', 'Imp Gang Boss', 'me'),
(801, 28, 'EX1_310', 'Doomguard', 'me'),
(802, 28, 'GVG_001', 'Flamecannon', 'opponent'),
(803, 28, 'CS2_029', 'Fireball', 'opponent'),
(804, 28, 'CS2_034', 'Fireblast', 'opponent'),
(805, 28, 'NEW1_019', 'Knife Juggler', 'me'),
(806, 28, 'CS2_029', 'Fireball', 'opponent'),
(807, 28, 'CS2_034', 'Fireblast', 'opponent'),
(808, 29, 'FP1_011', 'Webspinner', 'opponent'),
(809, 29, 'EX1_302', 'Mortal Coil', 'me'),
(810, 29, 'DS1h_292', 'Steady Shot', 'opponent'),
(811, 29, 'GAME_005', 'The Coin', 'me'),
(812, 29, 'BRM_006', 'Imp Gang Boss', 'me'),
(813, 29, 'EX1_536', 'Eaglehorn Bow', 'opponent'),
(814, 29, 'CS2_056', 'Life Tap', 'me'),
(815, 29, 'CS2_065', 'Voidwalker', 'me'),
(816, 29, 'FP1_004', 'Mad Scientist', 'opponent'),
(817, 29, 'DS1h_292', 'Steady Shot', 'opponent'),
(818, 29, 'GVG_045', 'Imp-losion', 'me'),
(819, 29, 'FP1_030', 'Loatheb', 'opponent'),
(820, 29, 'FP1_030', 'Loatheb', 'me'),
(821, 29, 'EX1_093', 'Defender of Argus', 'opponent'),
(822, 29, 'DS1h_292', 'Steady Shot', 'opponent'),
(823, 29, 'EX1_016', 'Sylvanas Windrunner', 'me'),
(824, 29, 'CS2_203', 'Ironbeak Owl', 'opponent'),
(825, 29, 'NEW1_031', 'Animal Companion', 'opponent'),
(826, 29, 'DS1h_292', 'Steady Shot', 'opponent'),
(827, 30, 'GAME_005', 'The Coin', 'opponent'),
(828, 30, 'NEW1_019', 'Knife Juggler', 'opponent'),
(829, 30, 'FP1_007', 'Nerubian Egg', 'me'),
(830, 30, 'NEW1_019', 'Knife Juggler', 'opponent'),
(831, 30, 'BRM_006', 'Imp Gang Boss', 'me'),
(832, 30, 'CS2_203', 'Ironbeak Owl', 'opponent'),
(833, 30, 'FP1_011', 'Webspinner', 'opponent'),
(834, 30, 'CS2_062', 'Hellfire', 'me'),
(835, 30, 'CS2_171', 'Stonetusk Boar', 'opponent'),
(836, 30, 'EX1_539', 'Kill Command', 'opponent'),
(837, 30, 'EX1_302', 'Mortal Coil', 'me'),
(838, 30, 'CS2_056', 'Life Tap', 'me'),
(839, 30, 'CS2_065', 'Voidwalker', 'me'),
(840, 30, 'FP1_012', 'Sludge Belcher', 'opponent'),
(841, 30, 'FP1_030', 'Loatheb', 'me'),
(842, 30, 'EX1_316', 'Power Overwhelming', 'me'),
(843, 30, 'EX1_534', 'Savannah Highmane', 'opponent'),
(844, 30, 'CS2_188', 'Abusive Sergeant', 'me'),
(845, 30, 'EX1_005', 'Big Game Hunter', 'me'),
(846, 30, 'GVG_015', 'Darkbomb', 'me'),
(847, 30, 'GVG_110', 'Dr. Boom', 'opponent'),
(848, 30, 'CS2_056', 'Life Tap', 'me'),
(849, 30, 'CS2_188', 'Abusive Sergeant', 'me'),
(850, 30, 'EX1_303', 'Shadowflame', 'me'),
(851, 30, 'NEW1_031', 'Animal Companion', 'opponent'),
(852, 30, 'FP1_002', 'Haunted Creeper', 'opponent'),
(853, 30, 'EX1_536', 'Eaglehorn Bow', 'opponent'),
(854, 30, 'GVG_021', 'Mal''Ganis', 'me'),
(855, 30, 'CS2_084', 'Hunter''s Mark', 'opponent'),
(856, 30, 'GVG_096', 'Piloted Shredder', 'opponent'),
(857, 30, 'DS1h_292', 'Steady Shot', 'opponent');

-- --------------------------------------------------------

--
-- Table structure for table `clases`
--

CREATE TABLE IF NOT EXISTS `clases` (
`id` int(11) NOT NULL,
  `nombre` varchar(255) COLLATE utf8_spanish_ci NOT NULL
) ENGINE=InnoDB  DEFAULT CHARSET=utf8 COLLATE=utf8_spanish_ci AUTO_INCREMENT=10 ;

--
-- Dumping data for table `clases`
--

INSERT INTO `clases` (`id`, `nombre`) VALUES
(1, 'Druid'),
(2, 'Rogue'),
(3, 'Warlock'),
(4, 'Warrior'),
(5, 'Shaman'),
(6, 'Hunter'),
(7, 'Paladin'),
(8, 'Priest'),
(9, 'Mage');

-- --------------------------------------------------------

--
-- Table structure for table `partidas`
--

CREATE TABLE IF NOT EXISTS `partidas` (
`id` int(11) NOT NULL,
  `usuarios_id` int(11) NOT NULL DEFAULT '0',
  `n_partida` int(11) NOT NULL,
  `mode` enum('ranked') COLLATE utf8_spanish_ci NOT NULL,
  `hero_id` int(11) NOT NULL,
  `opponent_id` int(11) NOT NULL,
  `coin` tinyint(4) NOT NULL,
  `result` tinyint(4) NOT NULL,
  `duration` int(11) NOT NULL,
  `rank` varchar(255) COLLATE utf8_spanish_ci DEFAULT NULL,
  `legend` varchar(255) COLLATE utf8_spanish_ci DEFAULT NULL,
  `added` timestamp NOT NULL DEFAULT CURRENT_TIMESTAMP ON UPDATE CURRENT_TIMESTAMP
) ENGINE=InnoDB  DEFAULT CHARSET=utf8 COLLATE=utf8_spanish_ci AUTO_INCREMENT=31 ;

--
-- Dumping data for table `partidas`
--

INSERT INTO `partidas` (`id`, `usuarios_id`, `n_partida`, `mode`, `hero_id`, `opponent_id`, `coin`, `result`, `duration`, `rank`, `legend`, `added`) VALUES
(1, 4, 5081984, 'ranked', 7, 1, 1, 1, 507, NULL, NULL, '0000-00-00 00:00:00'),
(2, 4, 5081752, 'ranked', 7, 5, 0, 1, 714, NULL, NULL, '0000-00-00 00:00:00'),
(3, 4, 5081412, 'ranked', 7, 6, 0, 0, 525, NULL, NULL, '0000-00-00 00:00:00'),
(4, 4, 5081189, 'ranked', 7, 7, 0, 1, 948, NULL, NULL, '0000-00-00 00:00:00'),
(5, 4, 5080761, 'ranked', 7, 6, 0, 0, 597, NULL, NULL, '0000-00-00 00:00:00'),
(6, 4, 5080404, 'ranked', 7, 9, 0, 1, 367, NULL, NULL, '0000-00-00 00:00:00'),
(7, 4, 5080161, 'ranked', 7, 7, 0, 0, 899, NULL, NULL, '0000-00-00 00:00:00'),
(8, 4, 5079791, 'ranked', 7, 2, 1, 1, 528, NULL, NULL, '0000-00-00 00:00:00'),
(9, 4, 5079579, 'ranked', 7, 8, 0, 1, 857, NULL, NULL, '0000-00-00 00:00:00'),
(10, 4, 5079215, 'ranked', 7, 2, 0, 0, 415, NULL, NULL, '0000-00-00 00:00:00'),
(11, 4, 5079040, 'ranked', 7, 9, 1, 1, 385, NULL, NULL, '0000-00-00 00:00:00'),
(12, 4, 5078898, 'ranked', 7, 3, 0, 1, 530, NULL, NULL, '0000-00-00 00:00:00'),
(13, 4, 5078652, 'ranked', 7, 6, 1, 0, 433, NULL, NULL, '0000-00-00 00:00:00'),
(14, 4, 5078344, 'ranked', 7, 6, 0, 0, 451, NULL, NULL, '0000-00-00 00:00:00'),
(15, 4, 5077354, 'ranked', 7, 3, 1, 0, 560, NULL, NULL, '0000-00-00 00:00:00'),
(16, 5, 6716934, 'ranked', 3, 1, 1, 1, 306, NULL, NULL, '0000-00-00 00:00:00'),
(17, 5, 6716801, 'ranked', 3, 3, 1, 1, 554, NULL, NULL, '0000-00-00 00:00:00'),
(18, 5, 6438767, 'ranked', 3, 4, 0, 1, 375, NULL, NULL, '0000-00-00 00:00:00'),
(19, 5, 6438666, 'ranked', 3, 6, 1, 1, 391, NULL, NULL, '0000-00-00 00:00:00'),
(20, 5, 6438547, 'ranked', 3, 9, 0, 1, 369, NULL, NULL, '0000-00-00 00:00:00'),
(21, 5, 5758999, 'ranked', 2, 8, 1, 1, 387, NULL, NULL, '0000-00-00 00:00:00'),
(22, 5, 5758848, 'ranked', 2, 5, 1, 1, 645, NULL, NULL, '0000-00-00 00:00:00'),
(23, 5, 5758618, 'ranked', 2, 6, 0, 0, 475, NULL, NULL, '0000-00-00 00:00:00'),
(24, 5, 5758435, 'ranked', 3, 6, 1, 0, 363, NULL, NULL, '0000-00-00 00:00:00'),
(25, 5, 5758296, 'ranked', 3, 5, 1, 1, 518, NULL, NULL, '0000-00-00 00:00:00'),
(26, 5, 5758113, 'ranked', 4, 9, 1, 0, 440, NULL, NULL, '0000-00-00 00:00:00'),
(27, 5, 5757949, 'ranked', 3, 1, 1, 0, 329, NULL, NULL, '0000-00-00 00:00:00'),
(28, 5, 5757719, 'ranked', 3, 9, 1, 0, 478, NULL, NULL, '0000-00-00 00:00:00'),
(29, 5, 5756196, 'ranked', 3, 6, 1, 0, 282, NULL, NULL, '0000-00-00 00:00:00'),
(30, 5, 5756094, 'ranked', 3, 6, 0, 0, 431, NULL, NULL, '0000-00-00 00:00:00');

-- --------------------------------------------------------

--
-- Table structure for table `stats_totales`
--

CREATE TABLE IF NOT EXISTS `stats_totales` (
`id` int(15) NOT NULL,
  `usuarios_id` int(11) NOT NULL,
  `wins` int(15) NOT NULL,
  `losses` int(15) NOT NULL,
  `games` int(15) NOT NULL,
  `clases_id` int(11) NOT NULL
) ENGINE=InnoDB  DEFAULT CHARSET=utf8 COLLATE=utf8_spanish_ci AUTO_INCREMENT=223 ;

--
-- Dumping data for table `stats_totales`
--

INSERT INTO `stats_totales` (`id`, `usuarios_id`, `wins`, `losses`, `games`, `clases_id`) VALUES
(205, 4, 72, 64, 136, 1),
(206, 4, 11, 14, 25, 2),
(207, 4, 0, 0, 0, 3),
(208, 4, 0, 0, 0, 4),
(209, 4, 2, 4, 6, 5),
(210, 4, 0, 0, 0, 6),
(211, 4, 35, 22, 57, 7),
(212, 4, 0, 0, 0, 8),
(213, 4, 10, 11, 21, 9),
(214, 5, 340, 281, 621, 1),
(215, 5, 297, 289, 586, 2),
(216, 5, 216, 212, 428, 3),
(217, 5, 26, 33, 59, 4),
(218, 5, 13, 18, 31, 5),
(219, 5, 45, 40, 85, 6),
(220, 5, 66, 58, 124, 7),
(221, 5, 0, 0, 0, 8),
(222, 5, 0, 0, 0, 9);

-- --------------------------------------------------------

--
-- Table structure for table `stats_vs_clases`
--

CREATE TABLE IF NOT EXISTS `stats_vs_clases` (
`id` int(15) NOT NULL,
  `usuarios_id` int(11) NOT NULL,
  `wins` int(15) NOT NULL,
  `losses` int(15) NOT NULL,
  `games` int(15) NOT NULL,
  `clases_id` int(11) NOT NULL,
  `vs_clases_id` int(11) NOT NULL
) ENGINE=InnoDB  DEFAULT CHARSET=utf8 COLLATE=utf8_spanish_ci ROW_FORMAT=COMPACT AUTO_INCREMENT=385 ;

--
-- Dumping data for table `stats_vs_clases`
--

INSERT INTO `stats_vs_clases` (`id`, `usuarios_id`, `wins`, `losses`, `games`, `clases_id`, `vs_clases_id`) VALUES
(223, 4, 15, 13, 28, 1, 1),
(224, 4, 8, 3, 11, 1, 2),
(225, 4, 1, 6, 7, 1, 3),
(226, 4, 6, 1, 7, 1, 4),
(227, 4, 4, 8, 12, 1, 5),
(228, 4, 12, 9, 21, 1, 6),
(229, 4, 9, 6, 15, 1, 7),
(230, 4, 2, 5, 7, 1, 8),
(231, 4, 15, 13, 28, 1, 9),
(232, 5, 52, 42, 94, 1, 1),
(233, 5, 23, 16, 39, 1, 2),
(234, 5, 37, 30, 67, 1, 3),
(235, 5, 37, 14, 51, 1, 4),
(236, 5, 17, 14, 31, 1, 5),
(237, 5, 54, 64, 118, 1, 6),
(238, 5, 42, 22, 64, 1, 7),
(239, 5, 16, 14, 30, 1, 8),
(240, 5, 62, 65, 127, 1, 9),
(241, 4, 0, 0, 0, 4, 1),
(242, 4, 0, 0, 0, 4, 2),
(243, 4, 0, 0, 0, 4, 3),
(244, 4, 0, 0, 0, 4, 4),
(245, 4, 0, 0, 0, 4, 5),
(246, 4, 0, 0, 0, 4, 6),
(247, 4, 0, 0, 0, 4, 7),
(248, 4, 0, 0, 0, 4, 8),
(249, 4, 0, 0, 0, 4, 9),
(250, 5, 4, 3, 7, 4, 1),
(251, 5, 2, 2, 4, 4, 2),
(252, 5, 5, 7, 12, 4, 3),
(253, 5, 3, 2, 5, 4, 4),
(254, 5, 0, 3, 3, 4, 5),
(255, 5, 4, 6, 10, 4, 6),
(256, 5, 4, 3, 7, 4, 7),
(257, 5, 1, 2, 3, 4, 8),
(258, 5, 3, 5, 8, 4, 9),
(259, 4, 2, 2, 4, 2, 1),
(260, 4, 3, 1, 4, 2, 2),
(261, 4, 1, 3, 4, 2, 3),
(262, 4, 1, 2, 3, 2, 4),
(263, 4, 0, 1, 1, 2, 5),
(264, 4, 0, 3, 3, 2, 6),
(265, 4, 1, 1, 2, 2, 7),
(266, 4, 0, 0, 0, 2, 8),
(267, 4, 3, 1, 4, 2, 9),
(268, 5, 33, 34, 67, 2, 1),
(269, 5, 28, 26, 54, 2, 2),
(270, 5, 42, 23, 65, 2, 3),
(271, 5, 19, 32, 51, 2, 4),
(272, 5, 21, 13, 34, 2, 5),
(273, 5, 56, 63, 119, 2, 6),
(274, 5, 23, 25, 48, 2, 7),
(275, 5, 24, 13, 37, 2, 8),
(276, 5, 51, 60, 111, 2, 9),
(277, 4, 0, 0, 0, 3, 1),
(278, 4, 0, 0, 0, 3, 2),
(279, 4, 0, 0, 0, 3, 3),
(280, 4, 0, 0, 0, 3, 4),
(281, 4, 0, 0, 0, 3, 5),
(282, 4, 0, 0, 0, 3, 6),
(283, 4, 0, 0, 0, 3, 7),
(284, 4, 0, 0, 0, 3, 8),
(285, 4, 0, 0, 0, 3, 9),
(286, 5, 33, 28, 61, 3, 1),
(287, 5, 11, 15, 26, 3, 2),
(288, 5, 32, 27, 59, 3, 3),
(289, 5, 20, 20, 40, 3, 4),
(290, 5, 18, 14, 32, 3, 5),
(291, 5, 29, 51, 80, 3, 6),
(292, 5, 21, 18, 39, 3, 7),
(293, 5, 16, 8, 24, 3, 8),
(294, 5, 36, 31, 67, 3, 9),
(295, 4, 0, 0, 0, 6, 1),
(296, 4, 0, 0, 0, 6, 2),
(297, 4, 0, 0, 0, 6, 3),
(298, 4, 0, 0, 0, 6, 4),
(299, 4, 0, 0, 0, 6, 5),
(300, 4, 0, 0, 0, 6, 6),
(301, 4, 0, 0, 0, 6, 7),
(302, 4, 0, 0, 0, 6, 8),
(303, 4, 0, 0, 0, 6, 9),
(304, 5, 5, 7, 12, 6, 1),
(305, 5, 2, 2, 4, 6, 2),
(306, 5, 5, 3, 8, 6, 3),
(307, 5, 3, 4, 7, 6, 4),
(308, 5, 2, 3, 5, 6, 5),
(309, 5, 11, 8, 19, 6, 6),
(310, 5, 7, 4, 11, 6, 7),
(311, 5, 1, 3, 4, 6, 8),
(312, 5, 9, 6, 15, 6, 9),
(313, 4, 0, 0, 0, 5, 1),
(314, 4, 0, 1, 1, 5, 2),
(315, 4, 1, 1, 2, 5, 3),
(316, 4, 0, 0, 0, 5, 4),
(317, 4, 0, 1, 1, 5, 5),
(318, 4, 1, 0, 1, 5, 6),
(319, 4, 0, 0, 0, 5, 7),
(320, 4, 0, 0, 0, 5, 8),
(321, 4, 0, 1, 1, 5, 9),
(322, 5, 3, 2, 5, 5, 1),
(323, 5, 2, 1, 3, 5, 2),
(324, 5, 2, 0, 2, 5, 3),
(325, 5, 0, 1, 1, 5, 4),
(326, 5, 1, 1, 2, 5, 5),
(327, 5, 2, 6, 8, 5, 6),
(328, 5, 1, 4, 5, 5, 7),
(329, 5, 1, 2, 3, 5, 8),
(330, 5, 1, 1, 2, 5, 9),
(331, 4, 8, 3, 11, 7, 1),
(332, 4, 1, 1, 2, 7, 2),
(333, 4, 3, 3, 6, 7, 3),
(334, 4, 2, 0, 2, 7, 4),
(335, 4, 2, 1, 3, 7, 5),
(336, 4, 3, 6, 9, 7, 6),
(337, 4, 2, 6, 8, 7, 7),
(338, 4, 4, 1, 5, 7, 8),
(339, 4, 10, 1, 11, 7, 9),
(340, 5, 6, 8, 14, 7, 1),
(341, 5, 3, 4, 7, 7, 2),
(342, 5, 10, 4, 14, 7, 3),
(343, 5, 5, 6, 11, 7, 4),
(344, 5, 5, 4, 9, 7, 5),
(345, 5, 10, 11, 21, 7, 6),
(346, 5, 5, 7, 12, 7, 7),
(347, 5, 4, 3, 7, 7, 8),
(348, 5, 18, 11, 29, 7, 9),
(349, 4, 0, 0, 0, 8, 1),
(350, 4, 0, 0, 0, 8, 2),
(351, 4, 0, 0, 0, 8, 3),
(352, 4, 0, 0, 0, 8, 4),
(353, 4, 0, 0, 0, 8, 5),
(354, 4, 0, 0, 0, 8, 6),
(355, 4, 0, 0, 0, 8, 7),
(356, 4, 0, 0, 0, 8, 8),
(357, 4, 0, 0, 0, 8, 9),
(358, 5, 0, 0, 0, 8, 1),
(359, 5, 0, 0, 0, 8, 2),
(360, 5, 0, 0, 0, 8, 3),
(361, 5, 0, 0, 0, 8, 4),
(362, 5, 0, 0, 0, 8, 5),
(363, 5, 0, 0, 0, 8, 6),
(364, 5, 0, 0, 0, 8, 7),
(365, 5, 0, 0, 0, 8, 8),
(366, 5, 0, 0, 0, 8, 9),
(367, 4, 1, 1, 2, 9, 1),
(368, 4, 3, 0, 3, 9, 2),
(369, 4, 0, 1, 1, 9, 3),
(370, 4, 1, 0, 1, 9, 4),
(371, 4, 0, 1, 1, 9, 5),
(372, 4, 3, 1, 4, 9, 6),
(373, 4, 1, 2, 3, 9, 7),
(374, 4, 0, 2, 2, 9, 8),
(375, 4, 1, 3, 4, 9, 9),
(376, 5, 0, 0, 0, 9, 1),
(377, 5, 0, 0, 0, 9, 2),
(378, 5, 0, 0, 0, 9, 3),
(379, 5, 0, 0, 0, 9, 4),
(380, 5, 0, 0, 0, 9, 5),
(381, 5, 0, 0, 0, 9, 6),
(382, 5, 0, 0, 0, 9, 7),
(383, 5, 0, 0, 0, 9, 8),
(384, 5, 0, 0, 0, 9, 9);

-- --------------------------------------------------------

--
-- Table structure for table `usuarios`
--

CREATE TABLE IF NOT EXISTS `usuarios` (
`id` int(11) NOT NULL,
  `username` varchar(255) COLLATE utf8_spanish_ci NOT NULL,
  `token` varchar(255) COLLATE utf8_spanish_ci NOT NULL,
  `fecha_alta` timestamp NOT NULL DEFAULT CURRENT_TIMESTAMP ON UPDATE CURRENT_TIMESTAMP
) ENGINE=InnoDB  DEFAULT CHARSET=utf8 COLLATE=utf8_spanish_ci AUTO_INCREMENT=6 ;

--
-- Dumping data for table `usuarios`
--

INSERT INTO `usuarios` (`id`, `username`, `token`, `fecha_alta`) VALUES
(4, 'silent-cenarius-5140', 'd_qNX7WZbubTinTB5Qgi', '2015-05-25 13:57:30'),
(5, 'wild-nozdormu-6251', 'vvPWSYz_WQVeL95EQ9Yx', '2015-05-25 13:57:37');

--
-- Indexes for dumped tables
--

--
-- Indexes for table `cartas`
--
ALTER TABLE `cartas`
 ADD PRIMARY KEY (`id`);

--
-- Indexes for table `clases`
--
ALTER TABLE `clases`
 ADD PRIMARY KEY (`id`);

--
-- Indexes for table `partidas`
--
ALTER TABLE `partidas`
 ADD PRIMARY KEY (`id`);

--
-- Indexes for table `stats_totales`
--
ALTER TABLE `stats_totales`
 ADD PRIMARY KEY (`id`);

--
-- Indexes for table `stats_vs_clases`
--
ALTER TABLE `stats_vs_clases`
 ADD PRIMARY KEY (`id`);

--
-- Indexes for table `usuarios`
--
ALTER TABLE `usuarios`
 ADD PRIMARY KEY (`id`), ADD UNIQUE KEY `username` (`username`), ADD UNIQUE KEY `token` (`token`);

--
-- AUTO_INCREMENT for dumped tables
--

--
-- AUTO_INCREMENT for table `cartas`
--
ALTER TABLE `cartas`
MODIFY `id` int(11) NOT NULL AUTO_INCREMENT,AUTO_INCREMENT=858;
--
-- AUTO_INCREMENT for table `clases`
--
ALTER TABLE `clases`
MODIFY `id` int(11) NOT NULL AUTO_INCREMENT,AUTO_INCREMENT=10;
--
-- AUTO_INCREMENT for table `partidas`
--
ALTER TABLE `partidas`
MODIFY `id` int(11) NOT NULL AUTO_INCREMENT,AUTO_INCREMENT=31;
--
-- AUTO_INCREMENT for table `stats_totales`
--
ALTER TABLE `stats_totales`
MODIFY `id` int(15) NOT NULL AUTO_INCREMENT,AUTO_INCREMENT=223;
--
-- AUTO_INCREMENT for table `stats_vs_clases`
--
ALTER TABLE `stats_vs_clases`
MODIFY `id` int(15) NOT NULL AUTO_INCREMENT,AUTO_INCREMENT=385;
--
-- AUTO_INCREMENT for table `usuarios`
--
ALTER TABLE `usuarios`
MODIFY `id` int(11) NOT NULL AUTO_INCREMENT,AUTO_INCREMENT=6;
/*!40101 SET CHARACTER_SET_CLIENT=@OLD_CHARACTER_SET_CLIENT */;
/*!40101 SET CHARACTER_SET_RESULTS=@OLD_CHARACTER_SET_RESULTS */;
/*!40101 SET COLLATION_CONNECTION=@OLD_COLLATION_CONNECTION */;
