-- --------------------------------------------------------
-- Host:                         localhost
-- Versión del servidor:         5.5.33 - MySQL Community Server (GPL)
-- SO del servidor:              Win32
-- HeidiSQL Versión:             9.1.0.4867
-- --------------------------------------------------------

/*!40101 SET @OLD_CHARACTER_SET_CLIENT=@@CHARACTER_SET_CLIENT */;
/*!40101 SET NAMES utf8mb4 */;
/*!40014 SET @OLD_FOREIGN_KEY_CHECKS=@@FOREIGN_KEY_CHECKS, FOREIGN_KEY_CHECKS=0 */;
/*!40101 SET @OLD_SQL_MODE=@@SQL_MODE, SQL_MODE='NO_AUTO_VALUE_ON_ZERO' */;

-- Volcando estructura de base de datos para hsladderstats
CREATE DATABASE IF NOT EXISTS `hsladderstats` /*!40100 DEFAULT CHARACTER SET utf8 */;
USE `hsladderstats`;


-- Volcando estructura para tabla hsladderstats.cartas
CREATE TABLE IF NOT EXISTS `cartas` (
  `id` int(11) NOT NULL AUTO_INCREMENT,
  `partidas_id` int(11) NOT NULL DEFAULT '0',
  `carta` varchar(255) COLLATE utf8_spanish_ci NOT NULL DEFAULT '0',
  `player` varchar(255) COLLATE utf8_spanish_ci NOT NULL DEFAULT '0',
  PRIMARY KEY (`id`)
) ENGINE=InnoDB AUTO_INCREMENT=874 DEFAULT CHARSET=utf8 COLLATE=utf8_spanish_ci;

-- Volcando datos para la tabla hsladderstats.cartas: ~0 rows (aproximadamente)
/*!40000 ALTER TABLE `cartas` DISABLE KEYS */;
INSERT INTO `cartas` (`id`, `partidas_id`, `carta`, `player`) VALUES
	(1, 1, 'CS2_017', 'opponent'),
	(2, 1, 'GVG_058', 'me'),
	(3, 1, 'FP1_005', 'opponent'),
	(4, 1, 'GAME_005', 'me'),
	(5, 1, 'GVG_096', 'me'),
	(6, 1, 'GVG_096', 'opponent'),
	(7, 1, 'CS2_097', 'me'),
	(8, 1, 'CS2_012', 'opponent'),
	(9, 1, 'FP1_012', 'me'),
	(10, 1, 'GVG_105', 'opponent'),
	(11, 1, 'EX1_382', 'me'),
	(12, 1, 'GVG_061', 'me'),
	(13, 1, 'CS2_012', 'opponent'),
	(14, 1, 'CS2_017', 'opponent'),
	(15, 1, 'EX1_169', 'opponent'),
	(16, 1, 'FP1_005', 'opponent'),
	(17, 1, 'GVG_096', 'me'),
	(18, 1, 'GVG_061', 'me'),
	(19, 1, 'GVG_110', 'opponent'),
	(20, 1, 'CS2_097', 'me'),
	(21, 1, 'CS2_093', 'me'),
	(22, 2, 'FP1_001', 'me'),
	(23, 2, 'CS2_101', 'me'),
	(24, 2, 'CS2_049', 'opponent'),
	(25, 2, 'GVG_061', 'me'),
	(26, 2, 'EX1_259', 'opponent'),
	(27, 2, 'GVG_096', 'me'),
	(28, 2, 'CS2_049', 'opponent'),
	(29, 2, 'GVG_061', 'me'),
	(30, 2, 'CS2_101', 'me'),
	(31, 2, 'EX1_246', 'opponent'),
	(32, 2, 'GAME_005', 'opponent'),
	(33, 2, 'EX1_259', 'opponent'),
	(34, 2, 'CS2_097', 'me'),
	(35, 2, 'CS2_101', 'me'),
	(36, 2, 'GVG_078', 'opponent'),
	(37, 2, 'FP1_012', 'me'),
	(38, 2, 'CS2_101', 'me'),
	(39, 2, 'CS2_042', 'opponent'),
	(40, 2, 'FP1_001', 'opponent'),
	(41, 2, 'PART_005', 'me'),
	(42, 2, 'CS2_101', 'me'),
	(43, 2, 'GVG_060', 'me'),
	(44, 2, 'EX1_565', 'opponent'),
	(45, 2, 'PART_007', 'opponent'),
	(46, 2, 'CS2_049', 'opponent'),
	(47, 2, 'GVG_036', 'opponent'),
	(48, 2, 'EX1_005', 'me'),
	(49, 2, 'FP1_030', 'me'),
	(50, 2, 'NEW1_010', 'opponent'),
	(51, 2, 'EX1_002', 'me'),
	(52, 2, 'CS2_101', 'me'),
	(53, 2, 'CS2_049', 'opponent'),
	(54, 3, 'FP1_011', 'opponent'),
	(55, 3, 'CS2_101', 'me'),
	(56, 3, 'NEW1_019', 'opponent'),
	(57, 3, 'CS2_101', 'me'),
	(58, 3, 'FP1_011', 'opponent'),
	(59, 3, 'FP1_002', 'opponent'),
	(60, 3, 'CS2_097', 'me'),
	(61, 3, 'GVG_096', 'opponent'),
	(62, 3, 'FP1_012', 'me'),
	(63, 3, 'CS2_203', 'opponent'),
	(64, 3, 'EX1_536', 'opponent'),
	(65, 3, 'EX1_558', 'me'),
	(66, 3, 'CS2_188', 'opponent'),
	(67, 3, 'FP1_004', 'opponent'),
	(68, 3, 'DS1h_292', 'opponent'),
	(69, 3, 'CS2_093', 'me'),
	(70, 3, 'NEW1_019', 'me'),
	(71, 3, 'CS2_119', 'opponent'),
	(72, 3, 'DS1h_292', 'opponent'),
	(73, 3, 'GVG_110', 'me'),
	(74, 3, 'EX1_539', 'opponent'),
	(75, 3, 'EX1_539', 'opponent'),
	(76, 3, 'DS1h_292', 'opponent'),
	(77, 4, 'FP1_001', 'me'),
	(78, 4, 'NEW1_019', 'me'),
	(79, 4, 'GVG_058', 'opponent'),
	(80, 4, 'GVG_058', 'me'),
	(81, 4, 'GAME_005', 'opponent'),
	(82, 4, 'CS2_097', 'opponent'),
	(83, 4, 'CS2_101', 'me'),
	(84, 4, 'NEW1_019', 'opponent'),
	(85, 4, 'NEW1_019', 'opponent'),
	(86, 4, 'FP1_030', 'me'),
	(87, 4, 'EX1_382', 'opponent'),
	(88, 4, 'CS2_101', 'opponent'),
	(89, 4, 'CS2_101', 'me'),
	(90, 4, 'CS2_101', 'opponent'),
	(91, 4, 'EX1_093', 'opponent'),
	(92, 4, 'GVG_110', 'me'),
	(93, 4, 'EX1_016', 'opponent'),
	(94, 4, 'FP1_012', 'me'),
	(95, 4, 'EX1_382', 'me'),
	(96, 4, 'EX1_619', 'opponent'),
	(97, 4, 'GVG_059', 'opponent'),
	(98, 4, 'CS2_101', 'opponent'),
	(99, 4, 'FP1_012', 'me'),
	(100, 4, 'CS2_101', 'me'),
	(101, 4, 'CS2_101', 'opponent'),
	(102, 4, 'GVG_060', 'opponent'),
	(103, 4, 'GVG_058', 'opponent'),
	(104, 4, 'EX1_558', 'me'),
	(105, 4, 'GVG_061', 'me'),
	(106, 4, 'CS2_101', 'me'),
	(107, 4, 'GVG_060', 'opponent'),
	(108, 4, 'CS2_097', 'opponent'),
	(109, 4, 'EX1_354', 'me'),
	(110, 4, 'EX1_619', 'me'),
	(111, 4, 'FP1_030', 'opponent'),
	(112, 4, 'GVG_096', 'opponent'),
	(113, 4, 'NEW1_019', 'me'),
	(114, 4, 'EX1_382', 'me'),
	(115, 4, 'CS2_097', 'me'),
	(116, 4, 'CS2_101', 'opponent'),
	(117, 4, 'GVG_061', 'me'),
	(118, 4, 'CS2_101', 'me'),
	(119, 4, 'GVG_060', 'me'),
	(120, 4, 'CS2_093', 'opponent'),
	(121, 4, 'CS2_101', 'opponent'),
	(122, 4, 'GVG_069', 'me'),
	(123, 4, 'GVG_096', 'me'),
	(124, 4, 'EX1_383', 'opponent'),
	(125, 4, 'CS2_101', 'opponent'),
	(126, 4, 'GVG_058', 'me'),
	(127, 4, 'FP1_013', 'me'),
	(128, 5, 'NEW1_019', 'me'),
	(129, 5, 'FP1_004', 'opponent'),
	(130, 5, 'EX1_382', 'me'),
	(131, 5, 'NEW1_019', 'opponent'),
	(132, 5, 'GAME_005', 'opponent'),
	(133, 5, 'FP1_002', 'opponent'),
	(134, 5, 'GVG_058', 'me'),
	(135, 5, 'CS2_101', 'me'),
	(136, 5, 'EX1_093', 'opponent'),
	(137, 5, 'FP1_012', 'me'),
	(138, 5, 'FP1_030', 'opponent'),
	(139, 5, 'EX1_016', 'me'),
	(140, 5, 'NEW1_019', 'opponent'),
	(141, 5, 'CS2_203', 'opponent'),
	(142, 5, 'FP1_011', 'opponent'),
	(143, 5, 'FP1_030', 'me'),
	(144, 5, 'CS2_101', 'me'),
	(145, 5, 'EX1_595', 'opponent'),
	(146, 5, 'DS1h_292', 'opponent'),
	(147, 5, 'CS2_093', 'me'),
	(148, 5, 'CS2_101', 'me'),
	(149, 5, 'EX1_534', 'opponent'),
	(150, 5, 'DS1h_292', 'opponent'),
	(151, 5, 'EX1_382', 'me'),
	(152, 5, 'GVG_069', 'me'),
	(153, 5, 'DS1_070', 'opponent'),
	(154, 5, 'GVG_096', 'opponent'),
	(155, 5, 'FP1_011', 'opponent'),
	(156, 5, 'EX1_002', 'me'),
	(157, 5, 'NEW1_019', 'me'),
	(158, 5, 'CS2_101', 'me'),
	(159, 5, 'EX1_538', 'opponent'),
	(160, 5, 'EX1_536', 'opponent'),
	(161, 5, 'EX1_539', 'opponent'),
	(162, 6, 'FP1_001', 'me'),
	(163, 6, 'GVG_006', 'opponent'),
	(164, 6, 'GAME_005', 'me'),
	(165, 6, 'GVG_061', 'me'),
	(166, 6, 'GVG_085', 'opponent'),
	(167, 6, 'GVG_058', 'me'),
	(168, 6, 'GVG_096', 'opponent'),
	(169, 6, 'CS2_101', 'me'),
	(170, 6, 'GVG_044', 'opponent'),
	(171, 6, 'CS2_034', 'opponent'),
	(172, 6, 'GVG_060', 'me'),
	(173, 6, 'GVG_003', 'opponent'),
	(174, 6, 'GVG_013', 'opponent'),
	(175, 6, 'GVG_013', 'opponent'),
	(176, 6, 'CS2_034', 'opponent'),
	(177, 6, 'EX1_016', 'me'),
	(178, 6, 'EX1_564', 'opponent'),
	(179, 6, 'CS2_034', 'opponent'),
	(180, 6, 'GVG_096', 'me'),
	(181, 6, 'GVG_061', 'me'),
	(182, 7, 'GVG_058', 'me'),
	(183, 7, 'CS2_101', 'opponent'),
	(184, 7, 'CS2_101', 'me'),
	(185, 7, 'GAME_005', 'opponent'),
	(186, 7, 'CS2_097', 'opponent'),
	(187, 7, 'GVG_096', 'me'),
	(188, 7, 'EX1_382', 'opponent'),
	(189, 7, 'CS2_097', 'me'),
	(190, 7, 'GVG_058', 'opponent'),
	(191, 7, 'CS2_101', 'opponent'),
	(192, 7, 'FP1_001', 'me'),
	(193, 7, 'CS2_101', 'me'),
	(194, 7, 'EX1_085', 'opponent'),
	(195, 7, 'CS2_101', 'opponent'),
	(196, 7, 'CS2_093', 'me'),
	(197, 7, 'CS2_101', 'me'),
	(198, 7, 'EX1_016', 'opponent'),
	(199, 7, 'NEW1_019', 'me'),
	(200, 7, 'GVG_096', 'me'),
	(201, 7, 'CS2_101', 'me'),
	(202, 7, 'GVG_061', 'opponent'),
	(203, 7, 'GVG_060', 'opponent'),
	(204, 7, 'EX1_558', 'me'),
	(205, 7, 'CS2_101', 'me'),
	(206, 7, 'EX1_354', 'opponent'),
	(207, 7, 'GVG_061', 'me'),
	(208, 7, 'CS2_101', 'me'),
	(209, 7, 'GVG_060', 'me'),
	(210, 7, 'CS2_093', 'opponent'),
	(211, 7, 'CS2_093', 'opponent'),
	(212, 7, 'NEW1_019', 'opponent'),
	(213, 7, 'CS2_093', 'me'),
	(214, 7, 'GVG_061', 'me'),
	(215, 7, 'CS2_101', 'me'),
	(216, 7, 'NEW1_019', 'opponent'),
	(217, 7, 'GVG_061', 'opponent'),
	(218, 7, 'GVG_096', 'opponent'),
	(219, 7, 'NEW1_019', 'me'),
	(220, 7, 'FP1_012', 'me'),
	(221, 7, 'EX1_382', 'me'),
	(222, 7, 'CS2_203', 'opponent'),
	(223, 7, 'CS2_097', 'opponent'),
	(224, 8, 'FP1_001', 'me'),
	(225, 8, 'CS2_083b', 'opponent'),
	(226, 8, 'NEW1_019', 'me'),
	(227, 8, 'EX1_124', 'opponent'),
	(228, 8, 'GAME_005', 'me'),
	(229, 8, 'GVG_096', 'me'),
	(230, 8, 'NEW1_026', 'opponent'),
	(231, 8, 'CS2_097', 'me'),
	(232, 8, 'EX1_012', 'opponent'),
	(233, 8, 'EX1_134', 'opponent'),
	(234, 8, 'GVG_058', 'me'),
	(235, 8, 'CS2_101', 'me'),
	(236, 8, 'EX1_134', 'opponent'),
	(237, 8, 'CS2_083b', 'opponent'),
	(238, 8, 'GVG_061', 'me'),
	(239, 8, 'CS2_101', 'me'),
	(240, 8, 'CS2_077', 'opponent'),
	(241, 8, 'CS2_072', 'opponent'),
	(242, 8, 'EX1_145', 'opponent'),
	(243, 8, 'EX1_129', 'opponent'),
	(244, 8, 'GVG_110', 'me'),
	(245, 8, 'GVG_110', 'opponent'),
	(246, 8, 'FP1_013', 'me'),
	(247, 8, 'EX1_284', 'opponent'),
	(248, 8, 'EX1_581', 'opponent'),
	(249, 8, 'EX1_581', 'opponent'),
	(250, 8, 'NEW1_019', 'me'),
	(251, 8, 'GVG_110', 'me'),
	(252, 8, 'EX1_284', 'opponent'),
	(253, 8, 'EX1_129', 'opponent'),
	(254, 9, 'FP1_001', 'opponent'),
	(255, 9, 'GVG_058', 'me'),
	(256, 9, 'CS2_235', 'opponent'),
	(257, 9, 'GAME_005', 'opponent'),
	(258, 9, 'CS1h_001', 'opponent'),
	(259, 9, 'GVG_061', 'me'),
	(260, 9, 'FP1_009', 'opponent'),
	(261, 9, 'NEW1_019', 'me'),
	(262, 9, 'CS2_203', 'me'),
	(263, 9, 'EX1_334', 'opponent'),
	(264, 9, 'FP1_012', 'me'),
	(265, 9, 'FP1_012', 'opponent'),
	(266, 9, 'EX1_558', 'me'),
	(267, 9, 'EX1_091', 'opponent'),
	(268, 9, 'CS2_093', 'me'),
	(269, 9, 'GVG_061', 'me'),
	(270, 9, 'GVG_069', 'opponent'),
	(271, 9, 'GVG_081', 'opponent'),
	(272, 9, 'FP1_030', 'me'),
	(273, 9, 'CS2_101', 'me'),
	(274, 9, 'EX1_622', 'opponent'),
	(275, 9, 'EX1_354', 'me'),
	(276, 9, 'FP1_023', 'opponent'),
	(277, 9, 'CS1h_001', 'opponent'),
	(278, 9, 'CS2_097', 'me'),
	(279, 9, 'FP1_012', 'me'),
	(280, 9, 'FP1_001', 'me'),
	(281, 9, 'EX1_091', 'opponent'),
	(282, 9, 'FP1_001', 'opponent'),
	(283, 9, 'CS1h_001', 'opponent'),
	(284, 9, 'EX1_016', 'me'),
	(285, 9, 'CS2_101', 'me'),
	(286, 9, 'CS1h_001', 'opponent'),
	(287, 9, 'NEW1_019', 'me'),
	(288, 9, 'CS2_101', 'me'),
	(289, 9, 'GVG_060', 'me'),
	(290, 9, 'GVG_008', 'opponent'),
	(291, 9, 'CS1h_001', 'opponent'),
	(292, 9, 'GVG_011', 'opponent'),
	(293, 9, 'CS2_101', 'me'),
	(294, 9, 'FP1_013', 'me'),
	(295, 9, 'EX1_016', 'opponent'),
	(296, 9, 'CS1h_001', 'opponent'),
	(297, 9, 'CS2_101', 'me'),
	(298, 9, 'EX1_382', 'me'),
	(299, 9, 'FP1_009', 'opponent'),
	(300, 9, 'CS1h_001', 'opponent'),
	(301, 9, 'CS2_093', 'me'),
	(302, 9, 'GVG_096', 'me'),
	(303, 10, 'NEW1_019', 'me'),
	(304, 10, 'GAME_005', 'opponent'),
	(305, 10, 'EX1_134', 'opponent'),
	(306, 10, 'EX1_382', 'me'),
	(307, 10, 'CS2_117', 'opponent'),
	(308, 10, 'GVG_096', 'me'),
	(309, 10, 'NEW1_026', 'opponent'),
	(310, 10, 'EX1_145', 'opponent'),
	(311, 10, 'EX1_581', 'opponent'),
	(312, 10, 'GVG_096', 'me'),
	(313, 10, 'EX1_284', 'opponent'),
	(314, 10, 'CS2_072', 'opponent'),
	(315, 10, 'EX1_016', 'me'),
	(316, 10, 'EX1_581', 'opponent'),
	(317, 10, 'GVG_096', 'opponent'),
	(318, 10, 'EX1_382', 'me'),
	(319, 10, 'CS2_203', 'me'),
	(320, 10, 'FP1_001', 'me'),
	(321, 10, 'CS2_077', 'opponent'),
	(322, 10, 'FP1_030', 'me'),
	(323, 10, 'CS2_101', 'me'),
	(324, 10, 'EX1_284', 'opponent'),
	(325, 10, 'EX1_134', 'opponent'),
	(326, 10, 'EX1_354', 'me'),
	(327, 10, 'CS2_083b', 'opponent'),
	(328, 10, 'EX1_129', 'opponent'),
	(329, 10, 'GVG_022', 'opponent'),
	(330, 11, 'EX1_029', 'opponent'),
	(331, 11, 'FP1_001', 'me'),
	(332, 11, 'NEW1_012', 'opponent'),
	(333, 11, 'GAME_005', 'me'),
	(334, 11, 'GVG_061', 'me'),
	(335, 11, 'CS2_023', 'opponent'),
	(336, 11, 'NEW1_019', 'me'),
	(337, 11, 'EX1_089', 'opponent'),
	(338, 11, 'EX1_029', 'opponent'),
	(339, 11, 'FP1_012', 'me'),
	(340, 11, 'FP1_030', 'opponent'),
	(341, 11, 'EX1_016', 'me'),
	(342, 11, 'EX1_295', 'opponent'),
	(343, 11, 'NEW1_012', 'opponent'),
	(344, 11, 'CS2_034', 'opponent'),
	(345, 11, 'GVG_110', 'me'),
	(346, 11, 'EX1_082', 'opponent'),
	(347, 11, 'CS2_029', 'opponent'),
	(348, 11, 'FP1_030', 'me'),
	(349, 11, 'EX1_295', 'opponent'),
	(350, 11, 'EX1_096', 'opponent'),
	(351, 11, 'CS2_034', 'opponent'),
	(352, 11, 'CS2_024', 'opponent'),
	(353, 11, 'CS2_031', 'opponent'),
	(354, 12, 'NEW1_019', 'me'),
	(355, 12, 'GVG_018', 'opponent'),
	(356, 12, 'GVG_061', 'me'),
	(357, 12, 'EX1_302', 'opponent'),
	(358, 12, 'CS2_056', 'opponent'),
	(359, 12, 'CS2_097', 'me'),
	(360, 12, 'CS2_056', 'opponent'),
	(361, 12, 'FP1_007', 'opponent'),
	(362, 12, 'GVG_058', 'me'),
	(363, 12, 'CS2_101', 'me'),
	(364, 12, 'FP1_022', 'opponent'),
	(365, 12, 'GVG_018', 'opponent'),
	(366, 12, 'NEW1_019', 'me'),
	(367, 12, 'CS2_101', 'me'),
	(368, 12, 'CS2_056', 'opponent'),
	(369, 12, 'CS2_062', 'opponent'),
	(370, 12, 'EX1_016', 'me'),
	(371, 12, 'CS2_188', 'opponent'),
	(372, 12, 'EX1_316', 'opponent'),
	(373, 12, 'EX1_005', 'opponent'),
	(374, 12, 'CS2_056', 'opponent'),
	(375, 12, 'FP1_012', 'me'),
	(376, 12, 'GVG_058', 'me'),
	(377, 12, 'FP1_012', 'opponent'),
	(378, 12, 'EX1_005', 'opponent'),
	(379, 12, 'CS2_203', 'me'),
	(380, 13, 'EX1_010', 'opponent'),
	(381, 13, 'FP1_004', 'opponent'),
	(382, 13, 'GAME_005', 'me'),
	(383, 13, 'GVG_061', 'me'),
	(384, 13, 'EX1_029', 'opponent'),
	(385, 13, 'DS1h_292', 'opponent'),
	(386, 13, 'EX1_382', 'me'),
	(387, 13, 'EX1_010', 'opponent'),
	(388, 13, 'DS1h_292', 'opponent'),
	(389, 13, 'CS2_093', 'me'),
	(390, 13, 'EX1_089', 'opponent'),
	(391, 13, 'DS1h_292', 'opponent'),
	(392, 13, 'GVG_069', 'me'),
	(393, 13, 'FP1_001', 'me'),
	(394, 13, 'CS2_124', 'opponent'),
	(395, 13, 'CS2_188', 'opponent'),
	(396, 13, 'DS1h_292', 'opponent'),
	(397, 13, 'EX1_016', 'me'),
	(398, 13, 'EX1_536', 'opponent'),
	(399, 13, 'DS1h_292', 'opponent'),
	(400, 13, 'EX1_558', 'me'),
	(401, 13, 'EX1_538', 'opponent'),
	(402, 13, 'EX1_539', 'opponent'),
	(403, 13, 'DS1h_292', 'opponent'),
	(404, 14, 'GAME_005', 'opponent'),
	(405, 14, 'NEW1_019', 'opponent'),
	(406, 14, 'NEW1_019', 'me'),
	(407, 14, 'GVG_043', 'opponent'),
	(408, 14, 'EX1_382', 'me'),
	(409, 14, 'EX1_010', 'opponent'),
	(410, 14, 'DS1h_292', 'opponent'),
	(411, 14, 'CS2_097', 'me'),
	(412, 14, 'DS1h_292', 'opponent'),
	(413, 14, 'FP1_004', 'opponent'),
	(414, 14, 'GVG_058', 'me'),
	(415, 14, 'GVG_061', 'me'),
	(416, 14, 'EX1_010', 'opponent'),
	(417, 14, 'DS1h_292', 'opponent'),
	(418, 14, 'EX1_610', 'opponent'),
	(419, 14, 'EX1_002', 'me'),
	(420, 14, 'EX1_536', 'opponent'),
	(421, 14, 'DS1h_292', 'opponent'),
	(422, 14, 'EX1_558', 'me'),
	(423, 14, 'NEW1_019', 'me'),
	(424, 14, 'NEW1_031', 'opponent'),
	(425, 14, 'EX1_610', 'opponent'),
	(426, 14, 'DS1h_292', 'opponent'),
	(427, 14, 'EX1_016', 'me'),
	(428, 14, 'EX1_538', 'opponent'),
	(429, 14, 'DS1h_292', 'opponent'),
	(430, 15, 'FP1_007', 'opponent'),
	(431, 15, 'CS2_101', 'me'),
	(432, 15, 'FP1_002', 'opponent'),
	(433, 15, 'CS2_188', 'opponent'),
	(434, 15, 'GVG_061', 'me'),
	(435, 15, 'EX1_046', 'opponent'),
	(436, 15, 'EX1_619', 'me'),
	(437, 15, 'GAME_005', 'me'),
	(438, 15, 'EX1_382', 'me'),
	(439, 15, 'CS2_056', 'opponent'),
	(440, 15, 'NEW1_019', 'opponent'),
	(441, 15, 'CS2_065', 'opponent'),
	(442, 15, 'FP1_012', 'me'),
	(443, 15, 'CS2_056', 'opponent'),
	(444, 15, 'CS2_203', 'opponent'),
	(445, 15, 'CS2_065', 'opponent'),
	(446, 15, 'EX1_319', 'opponent'),
	(447, 15, 'GVG_069', 'me'),
	(448, 15, 'FP1_002', 'opponent'),
	(449, 15, 'EX1_310', 'opponent'),
	(450, 15, 'FP1_030', 'me'),
	(451, 15, 'GVG_058', 'me'),
	(452, 15, 'EX1_162', 'opponent'),
	(453, 16, 'EX1_319', 'me'),
	(454, 16, 'CS2_013', 'opponent'),
	(455, 16, 'FP1_002', 'me'),
	(456, 16, 'CS2_017', 'opponent'),
	(457, 16, 'GAME_005', 'me'),
	(458, 16, 'FP1_022', 'me'),
	(459, 16, 'EX1_165', 'opponent'),
	(460, 16, 'CS2_056', 'me'),
	(461, 16, 'EX1_316', 'me'),
	(462, 16, 'EX1_016', 'opponent'),
	(463, 16, 'NEW1_019', 'me'),
	(464, 16, 'CS2_203', 'me'),
	(465, 16, 'EX1_310', 'me'),
	(466, 16, 'EX1_169', 'opponent'),
	(467, 16, 'EX1_573', 'opponent'),
	(468, 16, 'GVG_045', 'me'),
	(469, 16, 'FP1_007', 'me'),
	(470, 16, 'CS2_012', 'opponent'),
	(471, 16, 'CS2_017', 'opponent'),
	(472, 17, 'FP1_001', 'opponent'),
	(473, 17, 'GAME_005', 'me'),
	(474, 17, 'FP1_007', 'me'),
	(475, 17, 'CS2_056', 'opponent'),
	(476, 17, 'FP1_007', 'me'),
	(477, 17, 'CS2_056', 'opponent'),
	(478, 17, 'EX1_304', 'me'),
	(479, 17, 'EX1_043', 'opponent'),
	(480, 17, 'NEW1_019', 'me'),
	(481, 17, 'CS2_203', 'me'),
	(482, 17, 'FP1_012', 'opponent'),
	(483, 17, 'CS2_056', 'me'),
	(484, 17, 'BRM_006', 'me'),
	(485, 17, 'EX1_045', 'opponent'),
	(486, 17, 'EX1_093', 'opponent'),
	(487, 17, 'GVG_045', 'me'),
	(488, 17, 'EX1_620', 'opponent'),
	(489, 17, 'EX1_058', 'opponent'),
	(490, 17, 'GVG_015', 'opponent'),
	(491, 17, 'CS2_056', 'me'),
	(492, 17, 'FP1_022', 'me'),
	(493, 17, 'EX1_319', 'me'),
	(494, 17, 'CS2_056', 'opponent'),
	(495, 17, 'GVG_069', 'opponent'),
	(496, 17, 'CS2_056', 'me'),
	(497, 17, 'EX1_586', 'me'),
	(498, 17, 'FP1_002', 'me'),
	(499, 17, 'EX1_045', 'opponent'),
	(500, 17, 'EX1_303', 'opponent'),
	(501, 17, 'GVG_021', 'me'),
	(502, 18, 'NEW1_019', 'me'),
	(503, 18, 'GAME_005', 'opponent'),
	(504, 18, 'EX1_007', 'opponent'),
	(505, 18, 'CS2_056', 'me'),
	(506, 18, 'EX1_402', 'opponent'),
	(507, 18, 'EX1_400', 'opponent'),
	(508, 18, 'FP1_022', 'me'),
	(509, 18, 'FP1_021', 'opponent'),
	(510, 18, 'GVG_021', 'me'),
	(511, 18, 'CS2_056', 'me'),
	(512, 18, 'FP1_002', 'me'),
	(513, 18, 'EX1_391', 'opponent'),
	(514, 18, 'EX1_007', 'opponent'),
	(515, 18, 'EX1_016', 'me'),
	(516, 18, 'FP1_021', 'opponent'),
	(517, 18, 'NEW1_022', 'opponent'),
	(518, 18, 'CS2_102', 'opponent'),
	(519, 18, 'CS2_188', 'me'),
	(520, 18, 'EX1_304', 'me'),
	(521, 18, 'FP1_002', 'me'),
	(522, 18, 'BRM_019', 'opponent'),
	(523, 18, 'EX1_607', 'opponent'),
	(524, 18, 'CS2_102', 'opponent'),
	(525, 18, 'EX1_316', 'me'),
	(526, 18, 'EX1_310', 'me'),
	(527, 19, 'EX1_029', 'opponent'),
	(528, 19, 'CS2_065', 'me'),
	(529, 19, 'BRM_013', 'opponent'),
	(530, 19, 'FP1_002', 'me'),
	(531, 19, 'NEW1_031', 'opponent'),
	(532, 19, 'NEW1_019', 'me'),
	(533, 19, 'EX1_316', 'me'),
	(534, 19, 'FP1_002', 'opponent'),
	(535, 19, 'GVG_043', 'opponent'),
	(536, 19, 'GVG_045', 'me'),
	(537, 19, 'GVG_096', 'opponent'),
	(538, 19, 'CS2_188', 'me'),
	(539, 19, 'EX1_316', 'me'),
	(540, 19, 'EX1_304', 'me'),
	(541, 19, 'EX1_611', 'opponent'),
	(542, 19, 'EX1_536', 'opponent'),
	(543, 19, 'CS2_056', 'me'),
	(544, 19, 'EX1_093', 'me'),
	(545, 19, 'NEW1_031', 'opponent'),
	(546, 19, 'EX1_539', 'opponent'),
	(547, 19, 'NEW1_019', 'me'),
	(548, 19, 'GVG_096', 'opponent'),
	(549, 19, 'DS1h_292', 'opponent'),
	(550, 19, 'EX1_310', 'me'),
	(551, 19, 'DS1h_292', 'opponent'),
	(552, 20, 'CS2_065', 'me'),
	(553, 20, 'GVG_013', 'opponent'),
	(554, 20, 'CS2_056', 'me'),
	(555, 20, 'GVG_006', 'opponent'),
	(556, 20, 'BRM_006', 'me'),
	(557, 20, 'GVG_085', 'opponent'),
	(558, 20, 'EX1_556', 'opponent'),
	(559, 20, 'GAME_005', 'opponent'),
	(560, 20, 'GVG_002', 'opponent'),
	(561, 20, 'GVG_045', 'me'),
	(562, 20, 'GVG_004', 'opponent'),
	(563, 20, 'EX1_320', 'me'),
	(564, 20, 'GVG_082', 'opponent'),
	(565, 20, 'CS2_034', 'opponent'),
	(566, 20, 'EX1_319', 'me'),
	(567, 20, 'EX1_093', 'me'),
	(568, 20, 'CS2_188', 'me'),
	(569, 20, 'CS2_034', 'opponent'),
	(570, 20, 'GVG_096', 'opponent'),
	(571, 20, 'NEW1_019', 'me'),
	(572, 20, 'CS2_203', 'me'),
	(573, 20, 'EX1_310', 'me'),
	(574, 20, 'CS2_029', 'opponent'),
	(575, 20, 'CS2_034', 'opponent'),
	(576, 20, 'GVG_082', 'opponent'),
	(577, 20, 'CS2_056', 'me'),
	(578, 20, 'EX1_093', 'me'),
	(579, 20, 'EX1_559', 'opponent'),
	(580, 20, 'PART_007', 'opponent'),
	(581, 20, 'EX1_316', 'me'),
	(582, 21, 'CS1h_001', 'opponent'),
	(583, 21, 'CS2_083b', 'me'),
	(584, 21, 'FP1_023', 'opponent'),
	(585, 21, 'GAME_005', 'me'),
	(586, 21, 'NEW1_026', 'me'),
	(587, 21, 'EX1_145', 'me'),
	(588, 21, 'EX1_124', 'me'),
	(589, 21, 'EX1_339', 'opponent'),
	(590, 21, 'CS2_074', 'me'),
	(591, 21, 'EX1_134', 'me'),
	(592, 21, 'GVG_012', 'opponent'),
	(593, 21, 'EX1_134', 'opponent'),
	(594, 21, 'CS2_004', 'opponent'),
	(595, 21, 'CS2_233', 'me'),
	(596, 21, 'CS2_117', 'me'),
	(597, 21, 'EX1_624', 'opponent'),
	(598, 21, 'EX1_284', 'me'),
	(599, 21, 'FP1_012', 'opponent'),
	(600, 21, 'CS1h_001', 'opponent'),
	(601, 21, 'GVG_096', 'me'),
	(602, 21, 'EX1_124', 'me'),
	(603, 22, 'FP1_002', 'opponent'),
	(604, 22, 'CS2_083b', 'me'),
	(605, 22, 'FP1_002', 'opponent'),
	(606, 22, 'EX1_134', 'me'),
	(607, 22, 'EX1_565', 'opponent'),
	(608, 22, 'CS2_049', 'opponent'),
	(609, 22, 'CS2_074', 'me'),
	(610, 22, 'EX1_134', 'me'),
	(611, 22, 'GVG_096', 'opponent'),
	(612, 22, 'EX1_129', 'me'),
	(613, 22, 'CS2_083b', 'me'),
	(614, 22, 'CS2_049', 'opponent'),
	(615, 22, 'FP1_007', 'opponent'),
	(616, 22, 'NEW1_026', 'me'),
	(617, 22, 'EX1_124', 'me'),
	(618, 22, 'CS2_045', 'opponent'),
	(619, 22, 'FP1_031', 'opponent'),
	(620, 22, 'CS2_049', 'opponent'),
	(621, 22, 'EX1_581', 'me'),
	(622, 22, 'CS2_117', 'me'),
	(623, 22, 'GAME_005', 'me'),
	(624, 22, 'EX1_613', 'me'),
	(625, 22, 'EX1_246', 'opponent'),
	(626, 22, 'FP1_012', 'opponent'),
	(627, 22, 'EX1_012', 'me'),
	(628, 22, 'EX1_129', 'me'),
	(629, 22, 'CS2_083b', 'me'),
	(630, 22, 'CS2_042', 'opponent'),
	(631, 22, 'CS2_049', 'opponent'),
	(632, 22, 'EX1_284', 'me'),
	(633, 22, 'EX1_145', 'me'),
	(634, 22, 'CS2_077', 'me'),
	(635, 22, 'EX1_145', 'me'),
	(636, 22, 'EX1_124', 'me'),
	(637, 22, 'FP1_014', 'opponent'),
	(638, 22, 'CS2_049', 'opponent'),
	(639, 22, 'EX1_238', 'opponent'),
	(640, 22, 'FP1_030', 'me'),
	(641, 22, 'EX1_581', 'me'),
	(642, 22, 'CS2_083b', 'me'),
	(643, 22, 'FP1_007t', 'opponent'),
	(644, 22, 'FP1_014', 'opponent'),
	(645, 22, 'GVG_096', 'me'),
	(646, 22, 'GVG_022', 'me'),
	(647, 22, 'CS2_233', 'me'),
	(648, 22, 'GVG_096', 'opponent'),
	(649, 22, 'CS2_049', 'opponent'),
	(650, 23, 'GAME_005', 'opponent'),
	(651, 23, 'NEW1_019', 'opponent'),
	(652, 23, 'CS2_083b', 'me'),
	(653, 23, 'FP1_002', 'opponent'),
	(654, 23, 'CS2_072', 'me'),
	(655, 23, 'EX1_134', 'me'),
	(656, 23, 'CS2_188', 'opponent'),
	(657, 23, 'DS1h_292', 'opponent'),
	(658, 23, 'EX1_129', 'me'),
	(659, 23, 'EX1_089', 'opponent'),
	(660, 23, 'EX1_029', 'opponent'),
	(661, 23, 'FP1_012', 'me'),
	(662, 23, 'NEW1_031', 'opponent'),
	(663, 23, 'FP1_004', 'opponent'),
	(664, 23, 'EX1_284', 'me'),
	(665, 23, 'EX1_581', 'me'),
	(666, 23, 'FP1_004', 'opponent'),
	(667, 23, 'BRM_013', 'opponent'),
	(668, 23, 'DS1h_292', 'opponent'),
	(669, 23, 'EX1_145', 'me'),
	(670, 23, 'CS2_077', 'me'),
	(671, 23, 'EX1_134', 'me'),
	(672, 23, 'EX1_145', 'me'),
	(673, 23, 'EX1_581', 'me'),
	(674, 23, 'EX1_536', 'opponent'),
	(675, 23, 'EX1_539', 'opponent'),
	(676, 23, 'FP1_030', 'me'),
	(677, 23, 'CS2_083b', 'me'),
	(678, 23, 'CS2_233', 'me'),
	(679, 23, 'EX1_089', 'opponent'),
	(680, 23, 'DS1h_292', 'opponent'),
	(681, 24, 'NEW1_019', 'opponent'),
	(682, 24, 'GVG_015', 'me'),
	(683, 24, 'NEW1_031', 'opponent'),
	(684, 24, 'GAME_005', 'me'),
	(685, 24, 'GVG_045', 'me'),
	(686, 24, 'EX1_538', 'opponent'),
	(687, 24, 'EX1_302', 'me'),
	(688, 24, 'CS2_056', 'me'),
	(689, 24, 'CS2_188', 'me'),
	(690, 24, 'FP1_002', 'opponent'),
	(691, 24, 'EX1_536', 'opponent'),
	(692, 24, 'FP1_022', 'me'),
	(693, 24, 'GVG_043', 'opponent'),
	(694, 24, 'CS2_203', 'opponent'),
	(695, 24, 'DS1h_292', 'opponent'),
	(696, 24, 'CS2_062', 'me'),
	(697, 24, 'EX1_089', 'opponent'),
	(698, 24, 'DS1h_292', 'opponent'),
	(699, 24, 'EX1_010', 'opponent'),
	(700, 24, 'GVG_069', 'me'),
	(701, 24, 'EX1_005', 'me'),
	(702, 24, 'EX1_538', 'opponent'),
	(703, 24, 'EX1_539', 'opponent'),
	(704, 24, 'DS1h_292', 'opponent'),
	(705, 25, 'GVG_006', 'opponent'),
	(706, 25, 'CS2_056', 'me'),
	(707, 25, 'CS2_049', 'opponent'),
	(708, 25, 'GVG_006', 'opponent'),
	(709, 25, 'GAME_005', 'me'),
	(710, 25, 'GVG_045', 'me'),
	(711, 25, 'GVG_044', 'opponent'),
	(712, 25, 'CS2_049', 'opponent'),
	(713, 25, 'EX1_012', 'me'),
	(714, 25, 'EX1_302', 'me'),
	(715, 25, 'CS2_188', 'me'),
	(716, 25, 'GVG_037', 'opponent'),
	(717, 25, 'CS2_045', 'opponent'),
	(718, 25, 'CS2_049', 'opponent'),
	(719, 25, 'GVG_045', 'me'),
	(720, 25, 'EX1_302', 'me'),
	(721, 25, 'GVG_036', 'opponent'),
	(722, 25, 'CS2_049', 'opponent'),
	(723, 25, 'CS2_056', 'me'),
	(724, 25, 'GVG_015', 'me'),
	(725, 25, 'CS2_065', 'me'),
	(726, 25, 'GVG_016', 'opponent'),
	(727, 25, 'CS2_049', 'opponent'),
	(728, 25, 'EX1_316', 'me'),
	(729, 25, 'EX1_316', 'me'),
	(730, 25, 'CS2_056', 'me'),
	(731, 25, 'FP1_007', 'me'),
	(732, 25, 'CS2_065', 'me'),
	(733, 25, 'GVG_016', 'opponent'),
	(734, 25, 'GVG_085', 'opponent'),
	(735, 25, 'CS2_056', 'me'),
	(736, 25, 'BRM_006', 'me'),
	(737, 25, 'EX1_005', 'me'),
	(738, 25, 'EX1_567', 'opponent'),
	(739, 25, 'EX1_565', 'opponent'),
	(740, 25, 'CS2_049', 'opponent'),
	(741, 25, 'GVG_015', 'me'),
	(742, 25, 'GVG_069', 'me'),
	(743, 25, 'CS2_056', 'me'),
	(744, 25, 'EX1_241', 'opponent'),
	(745, 26, 'FP1_004', 'opponent'),
	(746, 26, 'GAME_005', 'me'),
	(747, 26, 'EX1_007', 'me'),
	(748, 26, 'CS2_023', 'opponent'),
	(749, 26, 'FP1_024', 'me'),
	(750, 26, 'CS2_034', 'opponent'),
	(751, 26, 'FP1_021', 'me'),
	(752, 26, 'EX1_289', 'opponent'),
	(753, 26, 'CS2_034', 'opponent'),
	(754, 26, 'FP1_021', 'me'),
	(755, 26, 'NEW1_022', 'me'),
	(756, 26, 'BRM_028', 'opponent'),
	(757, 26, 'CS2_108', 'me'),
	(758, 26, 'EX1_604', 'me'),
	(759, 26, 'CS2_102', 'me'),
	(760, 26, 'CS2_032', 'opponent'),
	(761, 26, 'EX1_604', 'me'),
	(762, 26, 'CS2_102', 'me'),
	(763, 26, 'EX1_561', 'opponent'),
	(764, 26, 'EX1_391', 'me'),
	(765, 26, 'EX1_603', 'me'),
	(766, 26, 'EX1_392', 'me'),
	(767, 26, 'CS2_102', 'me'),
	(768, 26, 'EX1_559', 'opponent'),
	(769, 26, 'CS2_024', 'opponent'),
	(770, 26, 'CS2_031', 'opponent'),
	(771, 27, 'CS2_065', 'me'),
	(772, 27, 'CS2_017', 'opponent'),
	(773, 27, 'NEW1_019', 'me'),
	(774, 27, 'FP1_005', 'opponent'),
	(775, 27, 'NEW1_019', 'me'),
	(776, 27, 'EX1_166', 'opponent'),
	(777, 27, 'FP1_022', 'me'),
	(778, 27, 'FP1_012', 'opponent'),
	(779, 27, 'GVG_045', 'me'),
	(780, 27, 'GAME_005', 'me'),
	(781, 27, 'CS2_203', 'me'),
	(782, 27, 'CS2_012', 'opponent'),
	(783, 27, 'FP1_002', 'opponent'),
	(784, 27, 'EX1_016', 'me'),
	(785, 27, 'GVG_096', 'opponent'),
	(786, 27, 'CS2_017', 'opponent'),
	(787, 27, 'GVG_110', 'me'),
	(788, 27, 'CS2_011', 'opponent'),
	(789, 27, 'CS2_011', 'opponent'),
	(790, 28, 'EX1_319', 'me'),
	(791, 28, 'EX1_608', 'opponent'),
	(792, 28, 'FP1_002', 'me'),
	(793, 28, 'NEW1_012', 'opponent'),
	(794, 28, 'GVG_003', 'opponent'),
	(795, 28, 'FP1_001', 'opponent'),
	(796, 28, 'GVG_123', 'opponent'),
	(797, 28, 'FP1_002', 'me'),
	(798, 28, 'CS2_065', 'me'),
	(799, 28, 'EX1_294', 'opponent'),
	(800, 28, 'CS2_034', 'opponent'),
	(801, 28, 'CS2_203', 'me'),
	(802, 28, 'GAME_005', 'me'),
	(803, 28, 'EX1_304', 'me'),
	(804, 28, 'EX1_284', 'opponent'),
	(805, 28, 'CS2_056', 'me'),
	(806, 28, 'BRM_006', 'me'),
	(807, 28, 'CS2_034', 'opponent'),
	(808, 28, 'GVG_074', 'opponent'),
	(809, 28, 'CS2_056', 'me'),
	(810, 28, 'CS2_188', 'me'),
	(811, 28, 'EX1_162', 'me'),
	(812, 28, 'CS2_034', 'opponent'),
	(813, 28, 'GVG_110', 'me'),
	(814, 28, 'CS2_034', 'opponent'),
	(815, 28, 'FP1_030', 'opponent'),
	(816, 28, 'BRM_006', 'me'),
	(817, 28, 'EX1_310', 'me'),
	(818, 28, 'GVG_001', 'opponent'),
	(819, 28, 'CS2_029', 'opponent'),
	(820, 28, 'CS2_034', 'opponent'),
	(821, 28, 'NEW1_019', 'me'),
	(822, 28, 'CS2_029', 'opponent'),
	(823, 28, 'CS2_034', 'opponent'),
	(824, 29, 'FP1_011', 'opponent'),
	(825, 29, 'EX1_302', 'me'),
	(826, 29, 'DS1h_292', 'opponent'),
	(827, 29, 'GAME_005', 'me'),
	(828, 29, 'BRM_006', 'me'),
	(829, 29, 'EX1_536', 'opponent'),
	(830, 29, 'CS2_056', 'me'),
	(831, 29, 'CS2_065', 'me'),
	(832, 29, 'FP1_004', 'opponent'),
	(833, 29, 'DS1h_292', 'opponent'),
	(834, 29, 'GVG_045', 'me'),
	(835, 29, 'FP1_030', 'opponent'),
	(836, 29, 'FP1_030', 'me'),
	(837, 29, 'EX1_093', 'opponent'),
	(838, 29, 'DS1h_292', 'opponent'),
	(839, 29, 'EX1_016', 'me'),
	(840, 29, 'CS2_203', 'opponent'),
	(841, 29, 'NEW1_031', 'opponent'),
	(842, 29, 'DS1h_292', 'opponent'),
	(843, 30, 'GAME_005', 'opponent'),
	(844, 30, 'NEW1_019', 'opponent'),
	(845, 30, 'FP1_007', 'me'),
	(846, 30, 'NEW1_019', 'opponent'),
	(847, 30, 'BRM_006', 'me'),
	(848, 30, 'CS2_203', 'opponent'),
	(849, 30, 'FP1_011', 'opponent'),
	(850, 30, 'CS2_062', 'me'),
	(851, 30, 'CS2_171', 'opponent'),
	(852, 30, 'EX1_539', 'opponent'),
	(853, 30, 'EX1_302', 'me'),
	(854, 30, 'CS2_056', 'me'),
	(855, 30, 'CS2_065', 'me'),
	(856, 30, 'FP1_012', 'opponent'),
	(857, 30, 'FP1_030', 'me'),
	(858, 30, 'EX1_316', 'me'),
	(859, 30, 'EX1_534', 'opponent'),
	(860, 30, 'CS2_188', 'me'),
	(861, 30, 'EX1_005', 'me'),
	(862, 30, 'GVG_015', 'me'),
	(863, 30, 'GVG_110', 'opponent'),
	(864, 30, 'CS2_056', 'me'),
	(865, 30, 'CS2_188', 'me'),
	(866, 30, 'EX1_303', 'me'),
	(867, 30, 'NEW1_031', 'opponent'),
	(868, 30, 'FP1_002', 'opponent'),
	(869, 30, 'EX1_536', 'opponent'),
	(870, 30, 'GVG_021', 'me'),
	(871, 30, 'CS2_084', 'opponent'),
	(872, 30, 'GVG_096', 'opponent'),
	(873, 30, 'DS1h_292', 'opponent');
/*!40000 ALTER TABLE `cartas` ENABLE KEYS */;


-- Volcando estructura para tabla hsladderstats.clases
CREATE TABLE IF NOT EXISTS `clases` (
  `id` int(11) NOT NULL AUTO_INCREMENT,
  `nombre` varchar(255) COLLATE utf8_spanish_ci NOT NULL,
  PRIMARY KEY (`id`)
) ENGINE=InnoDB AUTO_INCREMENT=10 DEFAULT CHARSET=utf8 COLLATE=utf8_spanish_ci;

-- Volcando datos para la tabla hsladderstats.clases: ~9 rows (aproximadamente)
/*!40000 ALTER TABLE `clases` DISABLE KEYS */;
INSERT INTO `clases` (`id`, `nombre`) VALUES
	(1, 'Druid'),
	(2, 'Rogue'),
	(3, 'Warlock'),
	(4, 'Warrior'),
	(5, 'Shaman'),
	(6, 'Hunter'),
	(7, 'Paladin'),
	(8, 'Priest'),
	(9, 'Mage');
/*!40000 ALTER TABLE `clases` ENABLE KEYS */;


-- Volcando estructura para tabla hsladderstats.partidas
CREATE TABLE IF NOT EXISTS `partidas` (
  `id` int(11) NOT NULL AUTO_INCREMENT,
  `usuarios_id` int(11) NOT NULL DEFAULT '0',
  `n_partida` int(11) NOT NULL,
  `mode` enum('ranked') COLLATE utf8_spanish_ci NOT NULL,
  `hero_id` int(11) NOT NULL,
  `opponent_id` int(11) NOT NULL,
  `coin` tinyint(4) NOT NULL,
  `result` tinyint(4) NOT NULL,
  `duration` int(11) NOT NULL,
  `rank` varchar(255) COLLATE utf8_spanish_ci DEFAULT NULL,
  `legend` varchar(255) COLLATE utf8_spanish_ci DEFAULT NULL,
  `added` timestamp NOT NULL DEFAULT CURRENT_TIMESTAMP ON UPDATE CURRENT_TIMESTAMP,
  PRIMARY KEY (`id`)
) ENGINE=InnoDB AUTO_INCREMENT=31 DEFAULT CHARSET=utf8 COLLATE=utf8_spanish_ci;

-- Volcando datos para la tabla hsladderstats.partidas: ~0 rows (aproximadamente)
/*!40000 ALTER TABLE `partidas` DISABLE KEYS */;
INSERT INTO `partidas` (`id`, `usuarios_id`, `n_partida`, `mode`, `hero_id`, `opponent_id`, `coin`, `result`, `duration`, `rank`, `legend`, `added`) VALUES
	(1, 4, 5081984, 'ranked', 7, 1, 1, 1, 507, NULL, NULL, '0000-00-00 00:00:00'),
	(2, 4, 5081752, 'ranked', 7, 5, 0, 1, 714, NULL, NULL, '0000-00-00 00:00:00'),
	(3, 4, 5081412, 'ranked', 7, 6, 0, 0, 525, NULL, NULL, '0000-00-00 00:00:00'),
	(4, 4, 5081189, 'ranked', 7, 7, 0, 1, 948, NULL, NULL, '0000-00-00 00:00:00'),
	(5, 4, 5080761, 'ranked', 7, 6, 0, 0, 597, NULL, NULL, '0000-00-00 00:00:00'),
	(6, 4, 5080404, 'ranked', 7, 9, 0, 1, 367, NULL, NULL, '0000-00-00 00:00:00'),
	(7, 4, 5080161, 'ranked', 7, 7, 0, 0, 899, NULL, NULL, '0000-00-00 00:00:00'),
	(8, 4, 5079791, 'ranked', 7, 2, 1, 1, 528, NULL, NULL, '0000-00-00 00:00:00'),
	(9, 4, 5079579, 'ranked', 7, 8, 0, 1, 857, NULL, NULL, '0000-00-00 00:00:00'),
	(10, 4, 5079215, 'ranked', 7, 2, 0, 0, 415, NULL, NULL, '0000-00-00 00:00:00'),
	(11, 4, 5079040, 'ranked', 7, 9, 1, 1, 385, NULL, NULL, '0000-00-00 00:00:00'),
	(12, 4, 5078898, 'ranked', 7, 3, 0, 1, 530, NULL, NULL, '0000-00-00 00:00:00'),
	(13, 4, 5078652, 'ranked', 7, 6, 1, 0, 433, NULL, NULL, '0000-00-00 00:00:00'),
	(14, 4, 5078344, 'ranked', 7, 6, 0, 0, 451, NULL, NULL, '0000-00-00 00:00:00'),
	(15, 4, 5077354, 'ranked', 7, 3, 1, 0, 560, NULL, NULL, '0000-00-00 00:00:00'),
	(16, 5, 6716934, 'ranked', 3, 1, 1, 1, 306, NULL, NULL, '0000-00-00 00:00:00'),
	(17, 5, 6716801, 'ranked', 3, 3, 1, 1, 554, NULL, NULL, '0000-00-00 00:00:00'),
	(18, 5, 6438767, 'ranked', 3, 4, 0, 1, 375, NULL, NULL, '0000-00-00 00:00:00'),
	(19, 5, 6438666, 'ranked', 3, 6, 1, 1, 391, NULL, NULL, '0000-00-00 00:00:00'),
	(20, 5, 6438547, 'ranked', 3, 9, 0, 1, 369, NULL, NULL, '0000-00-00 00:00:00'),
	(21, 5, 5758999, 'ranked', 2, 8, 1, 1, 387, NULL, NULL, '0000-00-00 00:00:00'),
	(22, 5, 5758848, 'ranked', 2, 5, 1, 1, 645, NULL, NULL, '0000-00-00 00:00:00'),
	(23, 5, 5758618, 'ranked', 2, 6, 0, 0, 475, NULL, NULL, '0000-00-00 00:00:00'),
	(24, 5, 5758435, 'ranked', 3, 6, 1, 0, 363, NULL, NULL, '0000-00-00 00:00:00'),
	(25, 5, 5758296, 'ranked', 3, 5, 1, 1, 518, NULL, NULL, '0000-00-00 00:00:00'),
	(26, 5, 5758113, 'ranked', 4, 9, 1, 0, 440, NULL, NULL, '0000-00-00 00:00:00'),
	(27, 5, 5757949, 'ranked', 3, 1, 1, 0, 329, NULL, NULL, '0000-00-00 00:00:00'),
	(28, 5, 5757719, 'ranked', 3, 9, 1, 0, 478, NULL, NULL, '0000-00-00 00:00:00'),
	(29, 5, 5756196, 'ranked', 3, 6, 1, 0, 282, NULL, NULL, '0000-00-00 00:00:00'),
	(30, 5, 5756094, 'ranked', 3, 6, 0, 0, 431, NULL, NULL, '0000-00-00 00:00:00');
/*!40000 ALTER TABLE `partidas` ENABLE KEYS */;


-- Volcando estructura para tabla hsladderstats.stats_totales
CREATE TABLE IF NOT EXISTS `stats_totales` (
  `id` int(15) NOT NULL AUTO_INCREMENT,
  `usuarios_id` int(11) NOT NULL,
  `wins` int(15) NOT NULL,
  `losses` int(15) NOT NULL,
  `games` int(15) NOT NULL,
  `clases_id` int(11) NOT NULL,
  PRIMARY KEY (`id`)
) ENGINE=InnoDB AUTO_INCREMENT=223 DEFAULT CHARSET=utf8 COLLATE=utf8_spanish_ci;

-- Volcando datos para la tabla hsladderstats.stats_totales: ~18 rows (aproximadamente)
/*!40000 ALTER TABLE `stats_totales` DISABLE KEYS */;
INSERT INTO `stats_totales` (`id`, `usuarios_id`, `wins`, `losses`, `games`, `clases_id`) VALUES
	(205, 4, 72, 64, 136, 1),
	(206, 4, 11, 14, 25, 2),
	(207, 4, 0, 0, 0, 3),
	(208, 4, 0, 0, 0, 4),
	(209, 4, 2, 4, 6, 5),
	(210, 4, 0, 0, 0, 6),
	(211, 4, 35, 22, 57, 7),
	(212, 4, 0, 0, 0, 8),
	(213, 4, 10, 11, 21, 9),
	(214, 5, 340, 281, 621, 1),
	(215, 5, 297, 289, 586, 2),
	(216, 5, 216, 212, 428, 3),
	(217, 5, 26, 33, 59, 4),
	(218, 5, 13, 18, 31, 5),
	(219, 5, 45, 40, 85, 6),
	(220, 5, 66, 58, 124, 7),
	(221, 5, 0, 0, 0, 8),
	(222, 5, 0, 0, 0, 9);
/*!40000 ALTER TABLE `stats_totales` ENABLE KEYS */;


-- Volcando estructura para tabla hsladderstats.stats_vs_clases
CREATE TABLE IF NOT EXISTS `stats_vs_clases` (
  `id` int(15) NOT NULL AUTO_INCREMENT,
  `usuarios_id` int(11) NOT NULL,
  `wins` int(15) NOT NULL,
  `losses` int(15) NOT NULL,
  `games` int(15) NOT NULL,
  `clases_id` int(11) NOT NULL,
  `vs_clases_id` int(11) NOT NULL,
  PRIMARY KEY (`id`)
) ENGINE=InnoDB AUTO_INCREMENT=385 DEFAULT CHARSET=utf8 COLLATE=utf8_spanish_ci ROW_FORMAT=COMPACT;

-- Volcando datos para la tabla hsladderstats.stats_vs_clases: ~162 rows (aproximadamente)
/*!40000 ALTER TABLE `stats_vs_clases` DISABLE KEYS */;
INSERT INTO `stats_vs_clases` (`id`, `usuarios_id`, `wins`, `losses`, `games`, `clases_id`, `vs_clases_id`) VALUES
	(223, 4, 15, 13, 28, 1, 1),
	(224, 4, 8, 3, 11, 1, 2),
	(225, 4, 1, 6, 7, 1, 3),
	(226, 4, 6, 1, 7, 1, 4),
	(227, 4, 4, 8, 12, 1, 5),
	(228, 4, 12, 9, 21, 1, 6),
	(229, 4, 9, 6, 15, 1, 7),
	(230, 4, 2, 5, 7, 1, 8),
	(231, 4, 15, 13, 28, 1, 9),
	(232, 5, 52, 42, 94, 1, 1),
	(233, 5, 23, 16, 39, 1, 2),
	(234, 5, 37, 30, 67, 1, 3),
	(235, 5, 37, 14, 51, 1, 4),
	(236, 5, 17, 14, 31, 1, 5),
	(237, 5, 54, 64, 118, 1, 6),
	(238, 5, 42, 22, 64, 1, 7),
	(239, 5, 16, 14, 30, 1, 8),
	(240, 5, 62, 65, 127, 1, 9),
	(241, 4, 0, 0, 0, 4, 1),
	(242, 4, 0, 0, 0, 4, 2),
	(243, 4, 0, 0, 0, 4, 3),
	(244, 4, 0, 0, 0, 4, 4),
	(245, 4, 0, 0, 0, 4, 5),
	(246, 4, 0, 0, 0, 4, 6),
	(247, 4, 0, 0, 0, 4, 7),
	(248, 4, 0, 0, 0, 4, 8),
	(249, 4, 0, 0, 0, 4, 9),
	(250, 5, 4, 3, 7, 4, 1),
	(251, 5, 2, 2, 4, 4, 2),
	(252, 5, 5, 7, 12, 4, 3),
	(253, 5, 3, 2, 5, 4, 4),
	(254, 5, 0, 3, 3, 4, 5),
	(255, 5, 4, 6, 10, 4, 6),
	(256, 5, 4, 3, 7, 4, 7),
	(257, 5, 1, 2, 3, 4, 8),
	(258, 5, 3, 5, 8, 4, 9),
	(259, 4, 2, 2, 4, 2, 1),
	(260, 4, 3, 1, 4, 2, 2),
	(261, 4, 1, 3, 4, 2, 3),
	(262, 4, 1, 2, 3, 2, 4),
	(263, 4, 0, 1, 1, 2, 5),
	(264, 4, 0, 3, 3, 2, 6),
	(265, 4, 1, 1, 2, 2, 7),
	(266, 4, 0, 0, 0, 2, 8),
	(267, 4, 3, 1, 4, 2, 9),
	(268, 5, 33, 34, 67, 2, 1),
	(269, 5, 28, 26, 54, 2, 2),
	(270, 5, 42, 23, 65, 2, 3),
	(271, 5, 19, 32, 51, 2, 4),
	(272, 5, 21, 13, 34, 2, 5),
	(273, 5, 56, 63, 119, 2, 6),
	(274, 5, 23, 25, 48, 2, 7),
	(275, 5, 24, 13, 37, 2, 8),
	(276, 5, 51, 60, 111, 2, 9),
	(277, 4, 0, 0, 0, 3, 1),
	(278, 4, 0, 0, 0, 3, 2),
	(279, 4, 0, 0, 0, 3, 3),
	(280, 4, 0, 0, 0, 3, 4),
	(281, 4, 0, 0, 0, 3, 5),
	(282, 4, 0, 0, 0, 3, 6),
	(283, 4, 0, 0, 0, 3, 7),
	(284, 4, 0, 0, 0, 3, 8),
	(285, 4, 0, 0, 0, 3, 9),
	(286, 5, 33, 28, 61, 3, 1),
	(287, 5, 11, 15, 26, 3, 2),
	(288, 5, 32, 27, 59, 3, 3),
	(289, 5, 20, 20, 40, 3, 4),
	(290, 5, 18, 14, 32, 3, 5),
	(291, 5, 29, 51, 80, 3, 6),
	(292, 5, 21, 18, 39, 3, 7),
	(293, 5, 16, 8, 24, 3, 8),
	(294, 5, 36, 31, 67, 3, 9),
	(295, 4, 0, 0, 0, 6, 1),
	(296, 4, 0, 0, 0, 6, 2),
	(297, 4, 0, 0, 0, 6, 3),
	(298, 4, 0, 0, 0, 6, 4),
	(299, 4, 0, 0, 0, 6, 5),
	(300, 4, 0, 0, 0, 6, 6),
	(301, 4, 0, 0, 0, 6, 7),
	(302, 4, 0, 0, 0, 6, 8),
	(303, 4, 0, 0, 0, 6, 9),
	(304, 5, 5, 7, 12, 6, 1),
	(305, 5, 2, 2, 4, 6, 2),
	(306, 5, 5, 3, 8, 6, 3),
	(307, 5, 3, 4, 7, 6, 4),
	(308, 5, 2, 3, 5, 6, 5),
	(309, 5, 11, 8, 19, 6, 6),
	(310, 5, 7, 4, 11, 6, 7),
	(311, 5, 1, 3, 4, 6, 8),
	(312, 5, 9, 6, 15, 6, 9),
	(313, 4, 0, 0, 0, 5, 1),
	(314, 4, 0, 1, 1, 5, 2),
	(315, 4, 1, 1, 2, 5, 3),
	(316, 4, 0, 0, 0, 5, 4),
	(317, 4, 0, 1, 1, 5, 5),
	(318, 4, 1, 0, 1, 5, 6),
	(319, 4, 0, 0, 0, 5, 7),
	(320, 4, 0, 0, 0, 5, 8),
	(321, 4, 0, 1, 1, 5, 9),
	(322, 5, 3, 2, 5, 5, 1),
	(323, 5, 2, 1, 3, 5, 2),
	(324, 5, 2, 0, 2, 5, 3),
	(325, 5, 0, 1, 1, 5, 4),
	(326, 5, 1, 1, 2, 5, 5),
	(327, 5, 2, 6, 8, 5, 6),
	(328, 5, 1, 4, 5, 5, 7),
	(329, 5, 1, 2, 3, 5, 8),
	(330, 5, 1, 1, 2, 5, 9),
	(331, 4, 8, 3, 11, 7, 1),
	(332, 4, 1, 1, 2, 7, 2),
	(333, 4, 3, 3, 6, 7, 3),
	(334, 4, 2, 0, 2, 7, 4),
	(335, 4, 2, 1, 3, 7, 5),
	(336, 4, 3, 6, 9, 7, 6),
	(337, 4, 2, 6, 8, 7, 7),
	(338, 4, 4, 1, 5, 7, 8),
	(339, 4, 10, 1, 11, 7, 9),
	(340, 5, 6, 8, 14, 7, 1),
	(341, 5, 3, 4, 7, 7, 2),
	(342, 5, 10, 4, 14, 7, 3),
	(343, 5, 5, 6, 11, 7, 4),
	(344, 5, 5, 4, 9, 7, 5),
	(345, 5, 10, 11, 21, 7, 6),
	(346, 5, 5, 7, 12, 7, 7),
	(347, 5, 4, 3, 7, 7, 8),
	(348, 5, 18, 11, 29, 7, 9),
	(349, 4, 0, 0, 0, 8, 1),
	(350, 4, 0, 0, 0, 8, 2),
	(351, 4, 0, 0, 0, 8, 3),
	(352, 4, 0, 0, 0, 8, 4),
	(353, 4, 0, 0, 0, 8, 5),
	(354, 4, 0, 0, 0, 8, 6),
	(355, 4, 0, 0, 0, 8, 7),
	(356, 4, 0, 0, 0, 8, 8),
	(357, 4, 0, 0, 0, 8, 9),
	(358, 5, 0, 0, 0, 8, 1),
	(359, 5, 0, 0, 0, 8, 2),
	(360, 5, 0, 0, 0, 8, 3),
	(361, 5, 0, 0, 0, 8, 4),
	(362, 5, 0, 0, 0, 8, 5),
	(363, 5, 0, 0, 0, 8, 6),
	(364, 5, 0, 0, 0, 8, 7),
	(365, 5, 0, 0, 0, 8, 8),
	(366, 5, 0, 0, 0, 8, 9),
	(367, 4, 1, 1, 2, 9, 1),
	(368, 4, 3, 0, 3, 9, 2),
	(369, 4, 0, 1, 1, 9, 3),
	(370, 4, 1, 0, 1, 9, 4),
	(371, 4, 0, 1, 1, 9, 5),
	(372, 4, 3, 1, 4, 9, 6),
	(373, 4, 1, 2, 3, 9, 7),
	(374, 4, 0, 2, 2, 9, 8),
	(375, 4, 1, 3, 4, 9, 9),
	(376, 5, 0, 0, 0, 9, 1),
	(377, 5, 0, 0, 0, 9, 2),
	(378, 5, 0, 0, 0, 9, 3),
	(379, 5, 0, 0, 0, 9, 4),
	(380, 5, 0, 0, 0, 9, 5),
	(381, 5, 0, 0, 0, 9, 6),
	(382, 5, 0, 0, 0, 9, 7),
	(383, 5, 0, 0, 0, 9, 8),
	(384, 5, 0, 0, 0, 9, 9);
/*!40000 ALTER TABLE `stats_vs_clases` ENABLE KEYS */;


-- Volcando estructura para tabla hsladderstats.usuarios
CREATE TABLE IF NOT EXISTS `usuarios` (
  `id` int(11) NOT NULL AUTO_INCREMENT,
  `username` varchar(255) COLLATE utf8_spanish_ci NOT NULL,
  `token` varchar(255) COLLATE utf8_spanish_ci NOT NULL,
  `fecha_alta` timestamp NOT NULL DEFAULT CURRENT_TIMESTAMP ON UPDATE CURRENT_TIMESTAMP,
  PRIMARY KEY (`id`),
  UNIQUE KEY `username` (`username`),
  UNIQUE KEY `token` (`token`)
) ENGINE=InnoDB AUTO_INCREMENT=7 DEFAULT CHARSET=utf8 COLLATE=utf8_spanish_ci;

-- Volcando datos para la tabla hsladderstats.usuarios: ~2 rows (aproximadamente)
/*!40000 ALTER TABLE `usuarios` DISABLE KEYS */;
INSERT INTO `usuarios` (`id`, `username`, `token`, `fecha_alta`) VALUES
	(4, 'silent-cenarius-5140', 'd_qNX7WZbubTinTB5Qgi', '2015-05-25 15:57:30'),
	(5, 'wild-nozdormu-6251', 'vvPWSYz_WQVeL95EQ9Yx', '2015-05-25 15:57:37');
/*!40000 ALTER TABLE `usuarios` ENABLE KEYS */;
/*!40101 SET SQL_MODE=IFNULL(@OLD_SQL_MODE, '') */;
/*!40014 SET FOREIGN_KEY_CHECKS=IF(@OLD_FOREIGN_KEY_CHECKS IS NULL, 1, @OLD_FOREIGN_KEY_CHECKS) */;
/*!40101 SET CHARACTER_SET_CLIENT=@OLD_CHARACTER_SET_CLIENT */;
